Country,Species,Year,altitude_mean_meters,Total Cup Points,Flavor,Aftertaste,Balance
Ethiopia,Arabica,2014.0,2075.0,90.58,8.83,8.67,8.42
Ethiopia,Arabica,2014.0,2075.0,89.92,8.67,8.5,8.42
Guatemala,Arabica,,1700.0,89.75,8.5,8.42,8.42
Ethiopia,Arabica,2014.0,2000.0,89.0,8.58,8.42,8.25
Ethiopia,Arabica,2014.0,2075.0,88.83,8.5,8.25,8.33
Brazil,Arabica,2013.0,,88.83,8.42,8.42,8.33
Peru,Arabica,2012.0,,88.75,8.5,8.33,8.25
Ethiopia,Arabica,2010.0,1635.0,88.67,8.33,8.5,8.5
Ethiopia,Arabica,2010.0,1635.0,88.42,8.67,8.58,8.42
Ethiopia,Arabica,2014.0,1822.5,88.25,8.58,8.5,8.42
Ethiopia,Arabica,2014.0,1905.0,88.08,8.67,8.25,8.17
United States,Arabica,2014.0,1872.0,87.92,8.42,8.17,8.17
United States,Arabica,2014.0,1943.0,87.92,8.67,8.33,8.08
United States (Hawaii),Arabica,2009.0,609.6,87.92,8.42,8.08,8.0
Ethiopia,Arabica,2010.0,1635.0,87.83,8.33,8.5,8.75
United States,Arabica,2014.0,2080.0,87.58,8.5,8.58,8.0
Indonesia,Arabica,,1500.0,87.42,8.25,7.83,8.42
Ethiopia,Arabica,2009.0,,87.33,8.33,8.25,8.33
China,Arabica,2015.0,1450.0,87.25,8.25,8.08,8.0
Ethiopia,Arabica,2014.0,1850.0,87.25,8.17,8.0,8.33
United States,Arabica,2014.0,2019.0,87.25,8.25,8.08,8.0
Costa Rica,Arabica,2014.0,1300.0,87.17,8.25,8.0,8.33
Mexico,Arabica,2012.0,1320.0,87.17,8.25,8.17,8.17
United States,Arabica,2014.0,2112.0,87.08,8.33,8.17,8.17
Ethiopia,Arabica,2013.0,,87.08,8.17,7.92,8.0
Brazil,Arabica,2011.0,1250.0,86.92,8.5,8.0,8.0
Ethiopia,Arabica,2009.0,,86.92,8.25,8.08,8.17
Uganda,Arabica,2013.0,1950.0,86.83,8.17,8.17,7.92
Honduras,Arabica,2016.0,1400.0,86.67,8.08,8.08,8.0
Taiwan,Arabica,2015.0,1200.0,86.58,8.0,8.0,8.17
Nicaragua,Arabica,,,86.58,8.25,8.0,8.08
"Tanzania, United Republic Of",Arabica,2012.0,,86.5,8.17,8.17,8.0
Brazil,Arabica,2011.0,1300.0,86.42,8.17,8.0,8.0
Costa Rica,Arabica,2015.0,1300.0,86.33,7.83,8.0,8.0
Ethiopia,Arabica,2014.0,1775.0,86.25,8.08,7.92,8.08
Kenya,Arabica,2013.0,1800.0,86.25,8.0,8.0,7.92
United States (Hawaii),Arabica,2012.0,,86.25,8.17,8.0,7.83
United States (Hawaii),Arabica,2010.0,,86.25,8.42,8.08,7.83
Ethiopia,Arabica,2009.0,,86.25,7.75,8.08,8.17
United States,Arabica,2014.0,1941.0,86.17,8.17,8.0,8.08
Thailand,Arabica,2012.0,1300.0,86.17,8.33,7.83,7.92
Brazil,Arabica,2010.0,12.0,86.17,7.92,7.92,8.0
Brazil,Arabica,2010.0,12.0,86.17,7.92,8.0,8.0
Taiwan,Arabica,2015.0,1000.0,86.08,8.17,7.75,7.83
Kenya,Arabica,2014.0,1754.0,86.08,8.08,8.0,8.08
Brazil,Arabica,2011.0,1250.0,86.08,8.0,8.0,8.0
Uganda,Arabica,2014.0,,86.0,8.08,7.83,7.92
Colombia,Arabica,2013.0,1200.0,86.0,7.92,7.83,8.17
Kenya,Arabica,2013.0,1860.0,86.0,8.17,7.83,7.92
Uganda,Arabica,2012.0,1650.0,86.0,8.0,7.83,7.92
Ethiopia,Arabica,2009.0,1750.0,86.0,8.08,8.0,8.0
United States (Hawaii),Arabica,2009.0,426.72,86.0,8.17,7.75,7.83
Guatemala,Arabica,2016.0,,85.92,8.08,7.92,7.83
Uganda,Arabica,2013.0,1650.0,85.92,8.17,7.92,7.75
Colombia,Arabica,2013.0,1800.0,85.92,8.0,8.0,8.0
Panama,Arabica,2017.0,1600.0,85.83,8.0,7.92,8.0
Ethiopia,Arabica,2014.0,1900.0,85.83,8.08,7.92,7.92
Guatemala,Arabica,2012.0,1524.0,85.83,8.0,8.0,8.0
Guatemala,Arabica,2012.0,1417.32,85.83,8.0,7.83,7.83
Ethiopia,Arabica,2017.0,,85.75,8.0,7.83,8.0
Peru,Arabica,2013.0,,85.75,8.0,8.0,7.75
Papua New Guinea,Arabica,2012.0,1700.0,85.75,8.42,7.83,8.25
El Salvador,Arabica,2013.0,1500.0,85.58,8.17,8.0,7.83
El Salvador,Arabica,2012.0,1350.0,85.58,8.0,8.0,8.17
United States (Hawaii),Arabica,2012.0,,85.58,8.0,7.92,8.0
Panama,Arabica,2014.0,1680.0,85.5,7.75,7.83,8.58
Kenya,Arabica,2014.0,1900.0,85.5,7.92,7.83,7.92
Ethiopia,Arabica,2015.0,1900.0,85.5,8.0,7.83,8.08
Uganda,Arabica,2013.0,1600.0,85.5,7.92,7.67,7.92
Guatemala,Arabica,2013.0,1731.264,85.5,7.83,7.67,8.0
Ethiopia,Arabica,2015.0,1900.0,85.42,7.83,7.83,7.83
Uganda,Arabica,2013.0,1950.0,85.42,8.0,7.83,7.83
United States (Hawaii),Arabica,2012.0,,85.42,7.92,7.75,7.92
Brazil,Arabica,2011.0,1250.0,85.42,8.0,8.0,8.0
El Salvador,Arabica,2009.0,1400.0,85.42,7.83,7.83,7.83
China,Arabica,2015.0,1700.0,85.33,8.0,8.0,7.75
Guatemala,Arabica,2014.0,1770.0,85.33,7.75,7.83,8.58
Costa Rica,Arabica,2014.0,1300.0,85.33,8.08,8.0,8.08
Costa Rica,Arabica,2014.0,1300.0,85.33,7.58,7.58,8.5
Kenya,Arabica,2012.0,1600.0,85.33,8.08,7.75,7.75
Kenya,Arabica,2012.0,1200.0,85.33,7.92,7.92,7.75
Ethiopia,Arabica,2009.0,,85.33,7.83,7.92,7.83
Ethiopia,Arabica,2009.0,,85.33,7.83,7.75,7.75
Guatemala,Arabica,2016.0,,85.25,7.92,7.75,7.83
Colombia,Arabica,2015.0,1550.0,85.25,7.92,7.83,7.83
Colombia,Arabica,2014.0,1550.0,85.25,8.08,7.92,7.92
Indonesia,Arabica,2012.0,1325.0,85.17,7.83,7.67,7.83
Guatemala,Arabica,2012.0,1400.0,85.17,8.0,7.67,7.67
Ethiopia,Arabica,2016.0,,85.08,8.0,7.58,7.92
Colombia,Arabica,2015.0,2560.0,85.08,7.83,7.58,7.75
Ethiopia,Arabica,2014.0,1700.0,85.08,8.0,7.42,7.92
United States (Hawaii),Arabica,2014.0,,85.08,7.83,7.83,8.17
Colombia,Arabica,2012.0,2136.0,85.08,8.0,7.75,7.83
United States (Hawaii),Arabica,2010.0,,85.08,8.17,7.92,8.0
Ethiopia,Arabica,2010.0,,85.08,8.0,7.83,7.83
United States (Hawaii),Arabica,,,85.08,7.92,8.25,7.75
Uganda,Arabica,2016.0,1800.0,85.0,7.92,7.75,7.75
Colombia,Arabica,2016.0,,85.0,7.92,7.75,7.83
Costa Rica,Arabica,2016.0,1900.0,85.0,8.0,7.58,7.83
Mexico,Arabica,2015.0,1300.0,85.0,8.0,7.83,7.83
Kenya,Arabica,2015.0,1.0,85.0,7.83,7.92,7.83
Kenya,Arabica,2012.0,1580.0,85.0,7.83,7.75,7.75
Brazil,Arabica,2012.0,1100.0,85.0,8.0,7.83,7.67
Mexico,Arabica,2010.0,1400.0,85.0,8.17,7.75,7.83
United States (Hawaii),Arabica,,,85.0,7.92,7.75,8.0
Guatemala,Arabica,2009.0,1325.88,85.0,8.08,7.67,7.67
Colombia,Arabica,2016.0,,84.92,7.92,7.67,7.83
Colombia,Arabica,2015.0,1775.0,84.92,7.83,7.75,8.0
Taiwan,Arabica,2015.0,800.0,84.92,7.83,8.0,7.92
"Tanzania, United Republic Of",Arabica,2014.0,1620.0,84.92,7.83,7.83,7.75
Colombia,Arabica,2012.0,1775.0,84.92,7.92,7.83,8.0
Mexico,Arabica,2012.0,1200.0,84.92,8.0,7.75,7.92
Brazil,Arabica,2011.0,1200.0,84.92,7.92,7.75,7.75
Brazil,Arabica,2011.0,1000.0,84.92,8.0,7.75,7.75
Kenya,Arabica,2009.0,,84.92,7.67,7.83,7.75
Taiwan,Arabica,2016.0,350.0,84.83,7.58,7.83,7.83
Uganda,Arabica,2013.0,1650.0,84.83,7.92,7.67,7.75
United States (Hawaii),Arabica,2012.0,,84.83,7.75,7.75,8.0
Ethiopia,Arabica,2009.0,1750.0,84.83,7.92,7.83,7.67
Ethiopia,Arabica,2009.0,1750.0,84.83,7.92,7.92,7.83
Thailand,Arabica,2015.0,,84.75,7.75,7.75,7.75
Kenya,Arabica,2014.0,1800.0,84.75,7.83,7.58,7.83
Honduras,Arabica,2014.0,1450.0,84.75,7.75,8.0,7.67
El Salvador,Arabica,2010.0,1200.0,84.75,8.0,8.0,7.92
Nicaragua,Arabica,2009.0,925.0,84.75,7.58,7.58,7.67
El Salvador,Arabica,2016.0,1350.0,84.67,7.83,7.5,7.67
Indonesia,Arabica,2016.0,1200.0,84.67,7.83,7.75,7.75
Japan,Arabica,,170.0,84.67,7.75,7.75,7.83
Costa Rica,Arabica,2015.0,1150.0,84.67,7.75,7.67,7.92
Guatemala,Arabica,2015.0,1600.0,84.67,7.83,7.58,7.75
Costa Rica,Arabica,2014.0,1750.0,84.67,8.0,7.83,7.75
Ethiopia,Arabica,2014.0,1900.0,84.67,7.83,7.75,7.67
Costa Rica,Arabica,2014.0,1750.0,84.67,7.58,7.75,8.58
Costa Rica,Arabica,2014.0,1200.0,84.67,7.58,7.83,7.75
Costa Rica,Arabica,2012.0,,84.67,7.83,7.75,8.0
Taiwan,Arabica,2013.0,1000.0,84.67,7.92,7.75,7.75
Colombia,Arabica,2013.0,1550.0,84.67,7.83,7.75,7.83
Kenya,Arabica,2012.0,2000.0,84.67,7.92,7.83,7.75
Guatemala,Arabica,2012.0,1310.64,84.67,7.83,7.67,8.0
Guatemala,Arabica,2012.0,1524.0,84.67,7.83,7.67,7.83
Mexico,Arabica,2012.0,1200.0,84.67,7.58,7.67,7.83
Uganda,Arabica,2012.0,1775.0,84.67,7.83,7.75,7.75
Peru,Arabica,,,84.67,7.83,7.75,7.83
Ethiopia,Arabica,2009.0,1750.0,84.67,7.75,7.75,7.92
Kenya,Arabica,,1754.0,84.58,7.75,7.83,7.92
Colombia,Arabica,2016.0,1500.0,84.58,7.67,7.58,7.83
Colombia,Arabica,2016.0,,84.58,7.83,7.58,7.67
Kenya,Arabica,2013.0,1800.0,84.58,7.83,7.83,7.83
Guatemala,Arabica,2014.0,1524.0,84.58,7.83,7.67,7.83
Guatemala,Arabica,2014.0,1219.2,84.58,7.92,7.67,7.67
Colombia,Arabica,2013.0,1550.0,84.58,7.67,7.58,8.5
Colombia,Arabica,2013.0,1750.0,84.58,7.75,7.83,8.0
Kenya,Arabica,2013.0,,84.58,7.75,7.75,7.75
Colombia,Arabica,2012.0,1750.0,84.58,7.83,7.83,7.92
Costa Rica,Arabica,2012.0,1575.0,84.58,7.83,7.75,7.67
Colombia,Arabica,2012.0,1800.0,84.58,7.67,7.75,7.83
Brazil,Arabica,2011.0,1300.0,84.58,8.0,7.75,7.75
Brazil,Arabica,2011.0,1100.0,84.58,8.0,7.5,7.83
Costa Rica,Arabica,2017.0,1200.0,84.5,7.67,7.92,7.58
Uganda,Arabica,2016.0,1750.0,84.5,7.75,7.67,7.75
China,Arabica,2015.0,1680.0,84.5,7.92,7.67,7.67
Costa Rica,Arabica,2014.0,1700.0,84.5,7.83,7.83,7.58
Colombia,Arabica,2015.0,1800.0,84.5,7.67,7.83,7.67
China,Arabica,2013.0,1100.0,84.5,8.0,7.75,7.58
Guatemala,Arabica,2013.0,1310.64,84.5,7.83,7.67,7.83
Kenya,Arabica,2012.0,2000.0,84.5,7.83,7.67,7.75
Mexico,Arabica,2012.0,1350.0,84.5,7.92,7.42,7.67
Mexico,Arabica,2012.0,1500.0,84.5,7.83,7.75,7.83
Guatemala,Arabica,2012.0,,84.5,8.0,7.67,7.83
Brazil,Arabica,,,84.5,7.81,7.88,8.25
Brazil,Arabica,,,84.5,7.67,7.75,7.75
Costa Rica,Arabica,2016.0,1300.0,84.42,7.83,7.83,7.58
Indonesia,Arabica,2017.0,1400.0,84.42,7.67,7.83,7.83
Colombia,Arabica,2015.0,,84.42,7.83,7.75,7.67
Colombia,Arabica,2014.0,1775.0,84.42,7.75,7.67,7.75
Taiwan,Arabica,2012.0,1200.0,84.42,7.83,7.75,7.75
United States (Hawaii),Arabica,2012.0,,84.42,7.92,7.5,7.92
Mexico,Arabica,2012.0,900.0,84.42,7.92,7.75,7.67
Ethiopia,Arabica,2009.0,,84.42,7.75,7.83,7.75
Kenya,Arabica,2017.0,1800.0,84.33,7.58,7.83,7.92
Honduras,Arabica,2016.0,1500.0,84.33,8.0,7.75,7.75
Colombia,Arabica,2016.0,,84.33,7.75,7.5,8.5
Honduras,Arabica,2016.0,1500.0,84.33,7.92,7.58,7.75
Colombia,Arabica,2016.0,,84.33,7.67,7.75,7.83
Colombia,Arabica,2015.0,442.0,84.33,7.67,8.0,7.83
Colombia,Arabica,2013.0,1800.0,84.33,7.58,7.33,8.08
Mexico,Arabica,2012.0,1700.0,84.33,7.75,7.75,7.67
Brazil,Arabica,2011.0,1275.0,84.33,8.0,7.5,7.67
Brazil,Arabica,2011.0,1050.0,84.33,8.0,7.5,7.75
Ethiopia,Arabica,,1493.52,84.33,7.75,7.92,7.92
Guatemala,Arabica,2009.0,1386.84,84.33,7.67,7.75,7.92
Taiwan,Arabica,2016.0,1000.0,84.25,7.75,7.75,7.83
Thailand,Arabica,2015.0,1200.0,84.25,7.75,7.75,7.67
Colombia,Arabica,2016.0,2560.0,84.25,7.58,7.75,8.0
Guatemala,Arabica,2016.0,1500.0,84.25,7.75,7.58,7.75
Guatemala,Arabica,2015.0,1099.4136,84.25,7.92,7.5,7.67
China,Arabica,2015.0,1400.0,84.25,7.83,7.58,7.75
Colombia,Arabica,2015.0,1775.0,84.25,7.67,7.75,7.92
Colombia,Arabica,2015.0,1775.0,84.25,7.67,7.75,7.75
Colombia,Arabica,2015.0,1800.0,84.25,7.75,7.83,7.75
Colombia,Arabica,2015.0,442.0,84.25,7.67,7.83,7.83
"Tanzania, United Republic Of",Arabica,2014.0,1620.0,84.25,7.67,7.75,7.67
"Tanzania, United Republic Of",Arabica,2014.0,1600.0,84.25,7.75,7.75,7.75
Guatemala,Arabica,2014.0,1219.2,84.25,7.83,7.5,7.75
Colombia,Arabica,2013.0,1700.0,84.25,7.5,7.75,7.83
United States (Hawaii),Arabica,2012.0,,84.25,7.92,7.92,8.08
Mexico,Arabica,2012.0,1450.0,84.25,7.92,7.67,7.75
Mexico,Arabica,2012.0,1170.0,84.25,7.83,7.75,7.58
Mexico,Arabica,2012.0,1400.0,84.25,7.92,7.67,7.75
Uganda,Arabica,2012.0,1700.0,84.25,7.75,7.58,7.58
Guatemala,Arabica,2017.0,1700.0,84.17,7.83,7.58,7.75
Colombia,Arabica,2016.0,,84.17,7.75,7.58,7.83
Costa Rica,Arabica,2016.0,1700.0,84.17,7.75,7.67,7.67
Guatemala,Arabica,2016.0,1116.7872,84.17,7.75,7.58,7.83
Guatemala,Arabica,2016.0,1565.0,84.17,7.92,7.58,7.67
Guatemala,Arabica,2016.0,3280.0,84.17,7.83,7.58,7.67
Colombia,Arabica,2015.0,1775.0,84.17,7.5,7.5,7.83
Nicaragua,Arabica,2015.0,1000.0,84.17,7.83,7.83,7.83
Brazil,Arabica,2015.0,1150.0,84.17,7.75,7.75,7.75
Costa Rica,Arabica,2014.0,1850.0,84.17,7.75,7.67,8.0
Ethiopia,Arabica,2014.0,1606.5,84.17,7.92,7.58,7.83
"Tanzania, United Republic Of",Arabica,2014.0,1400.0,84.17,7.75,7.75,7.58
Colombia,Arabica,2014.0,1530.0,84.17,7.5,7.67,8.58
Guatemala,Arabica,2013.0,,84.17,7.75,7.67,7.75
Kenya,Arabica,2013.0,250.5,84.17,7.75,7.75,7.83
Brazil,Arabica,2012.0,1038.5,84.17,7.83,7.75,8.0
Guatemala,Arabica,2013.0,1310.64,84.17,7.75,7.67,7.92
El Salvador,Arabica,2013.0,1500.0,84.17,8.08,7.5,8.17
Colombia,Arabica,2012.0,1750.0,84.17,7.75,7.75,7.75
Guatemala,Arabica,2012.0,,84.17,7.5,7.5,7.83
Uganda,Arabica,2012.0,1600.0,84.17,7.75,7.5,7.75
Indonesia,Arabica,2017.0,,84.13,7.88,7.56,7.75
Colombia,Arabica,2017.0,442.0,84.08,7.5,7.42,8.5
Taiwan,Arabica,2016.0,968.0,84.08,7.67,7.67,7.83
Guatemala,Arabica,2016.0,,84.08,7.75,7.5,7.67
Colombia,Arabica,2014.0,1775.0,84.08,7.75,7.67,7.67
Guatemala,Arabica,2014.0,1550.0,84.08,7.75,7.67,7.67
United States (Hawaii),Arabica,2012.0,,84.08,7.75,7.83,8.08
Mexico,Arabica,2012.0,1480.0,84.08,7.75,7.67,7.75
Ethiopia,Arabica,2012.0,1800.0,84.08,7.92,7.83,7.92
Costa Rica,Arabica,2017.0,,84.0,7.75,7.67,7.75
Ethiopia,Arabica,2017.0,1800.0,84.0,7.75,7.67,7.75
Honduras,Arabica,2017.0,1500.0,84.0,7.83,7.75,7.58
Guatemala,Arabica,2015.0,1706.88,84.0,7.83,7.58,7.67
Colombia,Arabica,2014.0,1600.0,84.0,7.67,7.83,7.83
Guatemala,Arabica,2014.0,1219.2,84.0,7.67,7.42,7.83
Guatemala,Arabica,2014.0,1219.2,84.0,7.83,7.5,7.67
Colombia,Arabica,2014.0,1480.0,84.0,7.75,7.67,7.75
Colombia,Arabica,2014.0,1450.0,84.0,7.42,7.75,7.92
Colombia,Arabica,2014.0,1775.0,84.0,7.67,7.5,7.67
Ethiopia,Arabica,2013.0,1550.0,84.0,7.75,7.5,7.92
Brazil,Arabica,2013.0,1260.0,84.0,7.83,7.67,7.75
Colombia,Arabica,2013.0,1700.0,84.0,7.83,7.67,7.75
Kenya,Arabica,2012.0,1200.0,84.0,7.83,7.5,7.67
Thailand,Arabica,2012.0,,84.0,8.17,8.17,8.17
Kenya,Arabica,2012.0,1650.0,84.0,7.75,7.67,7.67
Uganda,Arabica,2012.0,1700.0,84.0,7.75,7.58,7.83
Thailand,Arabica,2011.0,,84.0,7.75,7.58,7.75
Brazil,Arabica,2017.0,890.0,83.92,7.75,7.58,7.5
Mexico,Arabica,2017.0,1300.0,83.92,7.83,7.58,7.5
Thailand,Arabica,2015.0,1350.0,83.92,7.75,7.5,7.83
Brazil,Arabica,2016.0,934.0,83.92,7.67,7.67,7.83
Taiwan,Arabica,2015.0,1200.0,83.92,7.75,7.83,7.75
Colombia,Arabica,2016.0,442.0,83.92,7.67,7.5,7.75
Colombia,Arabica,2016.0,,83.92,7.58,7.5,7.92
Taiwan,Arabica,2014.0,,83.92,7.75,7.58,7.67
Colombia,Arabica,2015.0,,83.92,7.67,7.5,7.67
Colombia,Arabica,2014.0,,83.92,7.75,7.58,7.75
Colombia,Arabica,2014.0,1775.0,83.92,7.58,7.67,7.67
Taiwan,Arabica,2014.0,950.0,83.92,7.92,7.92,7.33
Colombia,Arabica,2014.0,1550.0,83.92,7.83,7.67,7.83
Mexico,Arabica,2012.0,900.0,83.92,7.75,7.58,7.83
Mexico,Arabica,2012.0,1500.0,83.92,7.67,7.58,7.75
Mexico,Arabica,2012.0,1400.0,83.92,7.92,7.83,7.67
Colombia,Arabica,2017.0,2527.0,83.83,7.58,7.5,7.67
Colombia,Arabica,2016.0,,83.83,7.67,7.5,7.75
Costa Rica,Arabica,2015.0,1850.0,83.83,7.67,7.75,7.75
Guatemala,Arabica,2016.0,1500.0,83.83,7.75,7.5,7.58
Taiwan,Arabica,2016.0,1200.0,83.83,7.67,7.5,7.67
Brazil,Arabica,2015.0,1.0,83.83,7.58,7.42,7.83
Taiwan,Arabica,2014.0,525.0,83.83,7.75,7.67,7.75
Ethiopia,Arabica,2014.0,1676.5,83.83,7.75,7.67,7.67
Brazil,Arabica,2014.0,1200.0,83.83,7.67,7.58,8.17
Costa Rica,Arabica,2013.0,1300.0,83.83,7.42,7.5,7.83
Guatemala,Arabica,2014.0,1219.2,83.83,7.83,7.33,7.75
Brazil,Arabica,2013.0,1260.0,83.83,7.5,7.33,7.5
Ecuador,Arabica,2013.0,800.0,83.83,7.67,7.58,7.83
Colombia,Arabica,2013.0,1750.0,83.83,7.58,7.58,7.67
Guatemala,Arabica,2013.0,1310.64,83.83,7.83,7.5,7.67
Mexico,Arabica,2012.0,1218.0,83.83,8.0,7.67,7.5
Mexico,Arabica,2012.0,1300.0,83.83,7.58,7.5,7.75
Brazil,Arabica,2011.0,1250.0,83.83,7.83,7.58,7.58
Thailand,Arabica,2011.0,1499.9208,83.83,7.75,7.58,7.58
Thailand,Arabica,2011.0,,83.83,7.83,7.58,7.83
Ethiopia,Arabica,2010.0,,83.83,7.83,7.58,7.5
Kenya,Arabica,,1800.0,83.75,7.58,7.5,7.75
Brazil,Arabica,2017.0,890.0,83.75,7.67,7.58,7.67
Colombia,Arabica,2017.0,442.0,83.75,7.83,7.58,7.58
Taiwan,Arabica,2016.0,750.0,83.75,7.67,7.58,7.83
Colombia,Arabica,2016.0,,83.75,7.75,7.5,7.5
China,Arabica,2015.0,1650.0,83.75,7.75,7.67,7.67
Colombia,Arabica,2015.0,442.0,83.75,7.67,7.5,7.83
Uganda,Arabica,2013.0,1400.0,83.75,7.92,7.58,7.5
United States (Puerto Rico),Arabica,2013.0,853.44,83.75,7.83,7.83,8.17
Colombia,Arabica,2014.0,1775.0,83.75,7.67,7.67,7.67
Colombia,Arabica,2014.0,1550.0,83.75,7.42,7.42,8.33
Colombia,Arabica,2013.0,1750.0,83.75,7.67,7.75,7.67
Colombia,Arabica,2013.0,1750.0,83.75,7.67,7.75,8.0
United States (Hawaii),Arabica,2013.0,,83.75,7.42,7.67,8.25
Mexico,Arabica,2012.0,700.0,83.75,7.58,7.58,7.67
Guatemala,Arabica,2012.0,1300.0,83.75,7.58,7.58,7.75
Colombia,Arabica,2011.0,1600.0,83.75,7.83,7.58,7.67
Colombia,Arabica,,1600.0,83.75,7.67,7.25,8.5
United States (Hawaii),Arabica,,,83.75,7.67,7.75,7.5
Brazil,Arabica,2017.0,890.0,83.67,7.83,7.5,7.5
Kenya,Arabica,2017.0,1700.0,83.67,7.67,7.67,7.67
Honduras,Arabica,2016.0,1400.0,83.67,7.5,7.67,8.0
Nicaragua,Arabica,2016.0,1250.0,83.67,7.75,7.67,7.58
Brazil,Arabica,2016.0,934.0,83.67,7.75,7.58,7.58
Taiwan,Arabica,2015.0,1200.0,83.67,7.67,7.33,7.67
Costa Rica,Arabica,,1350.0,83.67,7.67,7.67,7.5
Thailand,Arabica,2014.0,800.0,83.67,7.75,7.58,7.58
Colombia,Arabica,2014.0,1625.0,83.67,7.75,7.5,7.67
Guatemala,Arabica,2014.0,1356.6648,83.67,7.5,7.33,8.0
Colombia,Arabica,2013.0,1750.0,83.67,7.75,7.67,7.67
Colombia,Arabica,2013.0,1900.0,83.67,7.67,7.67,7.75
Guatemala,Arabica,2013.0,1310.64,83.67,7.67,7.42,7.75
Guatemala,Arabica,2013.0,1310.64,83.67,7.67,7.33,7.83
Colombia,Arabica,2012.0,1750.0,83.67,7.75,7.58,7.75
Guatemala,Arabica,2012.0,1450.0,83.67,8.17,7.83,7.75
Guatemala,Arabica,2012.0,1310.64,83.67,8.17,7.5,7.83
Mexico,Arabica,2012.0,1100.0,83.67,7.5,7.5,8.25
Indonesia,Arabica,2012.0,1400.0,83.67,7.67,7.58,7.67
Guatemala,Arabica,2012.0,1524.0,83.67,7.5,7.33,7.67
United States (Hawaii),Arabica,,,83.67,8.0,7.92,8.0
Brazil,Arabica,2017.0,890.0,83.58,7.67,7.58,7.58
Guatemala,Arabica,2016.0,1128.3696,83.58,7.75,7.5,7.58
Colombia,Arabica,2016.0,,83.58,7.75,7.58,7.58
China,Arabica,2015.0,1100.0,83.58,7.58,7.58,7.75
Colombia,Arabica,2015.0,1775.0,83.58,7.75,7.58,7.58
Mexico,Arabica,2014.0,1200.0,83.58,7.75,7.58,7.67
Ethiopia,Arabica,2014.0,1850.0,83.58,7.67,7.58,7.67
Uganda,Arabica,2013.0,1800.0,83.58,7.67,7.42,7.67
Colombia,Arabica,2014.0,1600.0,83.58,7.58,7.67,7.67
Colombia,Arabica,2014.0,1550.0,83.58,7.58,7.67,7.75
Colombia,Arabica,2014.0,1550.0,83.58,7.58,7.5,7.83
Taiwan,Arabica,2013.0,1000.0,83.58,7.75,7.75,7.58
Colombia,Arabica,2012.0,1775.0,83.58,7.67,7.58,7.58
Mexico,Arabica,2012.0,1000.0,83.58,7.67,7.58,7.58
Colombia,Arabica,2012.0,2136.0,83.58,7.58,7.58,7.75
Brazil,Arabica,2012.0,1100.0,83.58,7.75,7.5,7.58
Colombia,Arabica,2016.0,1799.0,83.5,7.58,7.58,7.5
Taiwan,Arabica,2016.0,,83.5,7.58,7.17,7.0
Costa Rica,Arabica,2015.0,1850.0,83.5,7.42,7.5,7.67
Colombia,Arabica,2016.0,1000.0,83.5,7.58,7.58,7.75
Guatemala,Arabica,2016.0,1219.2,83.5,7.75,7.5,7.58
Colombia,Arabica,2015.0,1775.0,83.5,7.58,7.58,7.67
"Tanzania, United Republic Of",Arabica,2015.0,1400.0,83.5,7.67,7.58,7.58
Indonesia,Arabica,2015.0,1500.0,83.5,7.67,7.58,7.58
Ethiopia,Arabica,2014.0,1600.0,83.5,7.75,7.5,7.67
Colombia,Arabica,2014.0,,83.5,7.42,7.67,7.67
Colombia,Arabica,2014.0,1850.0,83.5,7.58,7.25,7.58
Guatemala,Arabica,2013.0,1400.0,83.5,7.75,7.5,7.67
Colombia,Arabica,2014.0,1650.0,83.5,7.58,7.33,7.83
Honduras,Arabica,2014.0,1350.0,83.5,7.5,7.67,7.67
Colombia,Arabica,2013.0,1750.0,83.5,7.75,7.42,7.67
Colombia,Arabica,2013.0,1750.0,83.5,7.67,7.58,7.75
Mexico,Arabica,2012.0,1170.0,83.5,7.58,7.25,7.42
Mexico,Arabica,2012.0,940.0,83.5,7.75,7.67,7.5
Mexico,Arabica,2012.0,1400.0,83.5,7.67,7.67,7.5
Guatemala,Arabica,2012.0,1524.0,83.5,7.5,7.5,7.5
Colombia,Arabica,2012.0,1775.0,83.5,7.58,7.58,7.67
Guatemala,Arabica,2012.0,1402.08,83.5,7.5,7.75,7.67
United States (Hawaii),Arabica,,,83.5,7.67,7.58,7.67
Indonesia,Arabica,2010.0,1600.0,83.5,7.58,7.58,7.58
Colombia,Arabica,2017.0,439.0,83.42,7.58,7.58,7.83
Guatemala,Arabica,2017.0,1700.0,83.42,7.75,7.5,7.67
Colombia,Arabica,2016.0,442.0,83.42,7.67,7.5,7.58
Costa Rica,Arabica,2016.0,1850.0,83.42,7.5,7.42,7.67
Taiwan,Arabica,2015.0,,83.42,7.67,7.0,7.0
Uganda,Arabica,2015.0,1800.0,83.42,7.75,7.33,7.58
Thailand,Arabica,2015.0,1200.0,83.42,7.58,7.75,7.67
El Salvador,Arabica,2016.0,1330.0,83.42,7.5,7.75,7.67
Colombia,Arabica,2015.0,442.0,83.42,7.67,7.58,7.67
Brazil,Arabica,2014.0,,83.42,7.83,7.75,7.83
"Tanzania, United Republic Of",Arabica,2014.0,1600.0,83.42,7.67,7.58,7.58
Colombia,Arabica,2014.0,1813.0,83.42,7.58,7.25,8.58
Guatemala,Arabica,2013.0,1219.2,83.42,7.83,7.33,7.67
Guatemala,Arabica,2014.0,1500.0,83.42,7.75,7.5,7.5
Guatemala,Arabica,2013.0,1310.64,83.42,7.5,7.75,7.75
United States (Hawaii),Arabica,2012.0,,83.42,7.75,7.67,7.67
Colombia,Arabica,2012.0,1450.0,83.42,7.75,7.58,7.75
Colombia,Arabica,,,83.42,7.58,7.58,7.67
United States (Hawaii),Arabica,2010.0,,83.42,7.92,7.42,7.58
Thailand,Arabica,,,83.42,7.25,7.5,7.42
Mexico,Arabica,,1050.0,83.38,7.88,7.38,8.75
Colombia,Arabica,2016.0,1650.0,83.33,7.5,7.75,7.58
Colombia,Arabica,2016.0,,83.33,7.58,7.58,7.75
Colombia,Arabica,2016.0,,83.33,7.58,7.58,7.58
Brazil,Arabica,2015.0,1227.0,83.33,7.83,7.33,7.92
Mexico,Arabica,2014.0,1200.0,83.33,7.75,7.5,7.58
Colombia,Arabica,2015.0,1650.0,83.33,7.75,7.42,7.42
"Tanzania, United Republic Of",Arabica,2014.0,1700.0,83.33,7.58,7.67,7.58
Mexico,Arabica,2013.0,1100.0,83.33,7.67,7.58,7.58
Costa Rica,Arabica,2014.0,1300.0,83.33,7.67,7.42,7.67
United States (Hawaii),Arabica,2014.0,,83.33,7.58,7.83,8.0
Costa Rica,Arabica,2013.0,1200.0,83.33,7.67,7.67,7.17
Peru,Arabica,2013.0,,83.33,7.75,7.58,7.58
Haiti,Arabica,2012.0,1280.16,83.33,7.5,7.67,7.42
Colombia,Arabica,2013.0,1000.0,83.33,7.67,7.5,7.42
Guatemala,Arabica,2013.0,1310.64,83.33,7.67,7.17,7.67
United States (Hawaii),Arabica,2012.0,,83.33,7.5,7.58,7.67
Burundi,Arabica,2012.0,1880.0,83.33,7.67,7.33,7.75
Colombia,Arabica,2012.0,1750.0,83.33,7.67,7.67,7.58
United States (Hawaii),Arabica,,,83.33,7.83,7.83,7.58
United States (Hawaii),Arabica,,,83.33,7.67,7.58,7.67
Mexico,Arabica,2017.0,1600.0,83.25,7.83,7.42,7.5
Costa Rica,Arabica,2016.0,1900.0,83.25,7.5,7.83,7.67
Costa Rica,Arabica,2015.0,,83.25,7.5,7.42,7.67
Guatemala,Arabica,2016.0,2100.0,83.25,7.58,7.42,7.58
Uganda,Arabica,2015.0,,83.25,7.67,7.67,7.67
Brazil,Arabica,2016.0,,83.25,7.67,7.42,7.42
Colombia,Arabica,2015.0,442.0,83.25,7.67,7.67,7.83
Mexico,Arabica,2015.0,1261.0,83.25,7.75,7.5,7.58
Taiwan,Arabica,2015.0,1000.0,83.25,7.5,7.5,7.83
Taiwan,Arabica,2014.0,800.0,83.25,7.83,7.75,7.33
Colombia,Arabica,2014.0,1483.0,83.25,7.58,7.5,7.75
Guatemala,Arabica,2014.0,1500.0,83.25,7.67,7.58,7.5
Colombia,Arabica,2013.0,1750.0,83.25,7.5,7.67,7.67
Mexico,Arabica,2013.0,1300.0,83.25,7.75,7.5,7.58
United States (Hawaii),Arabica,2012.0,,83.25,7.75,7.83,7.67
Mexico,Arabica,2012.0,,83.25,7.58,7.58,7.58
Mexico,Arabica,2012.0,1000.0,83.25,7.75,7.42,7.5
Guatemala,Arabica,2012.0,1310.64,83.25,7.58,7.08,8.08
Brazil,Arabica,2012.0,1200.0,83.25,7.67,7.5,7.58
Colombia,Arabica,2012.0,175.0,83.25,7.58,7.58,7.58
Colombia,Arabica,2012.0,1775.0,83.25,7.67,7.5,7.67
Colombia,Arabica,2011.0,1700.0,83.25,7.75,7.25,7.58
Colombia,Arabica,2010.0,1880.0,83.25,7.67,7.67,7.5
Colombia,Arabica,2010.0,1800.0,83.25,7.75,7.5,7.67
Brazil,Arabica,2017.0,890.0,83.17,7.42,7.5,7.58
Guatemala,Arabica,2017.0,1901.0,83.17,7.58,7.33,7.58
"Tanzania, United Republic Of",Arabica,2016.0,168.0,83.17,7.58,7.42,7.58
Peru,Arabica,2017.0,,83.17,7.5,7.5,7.5
Vietnam,Arabica,2017.0,1550.0,83.17,7.42,7.08,8.58
Guatemala,Arabica,2016.0,1500.0,83.17,7.75,7.42,7.5
Honduras,Arabica,2016.0,1450.0,83.17,7.67,7.5,7.67
China,Arabica,2015.0,1200.0,83.17,7.67,7.33,7.67
China,Arabica,2015.0,1600.0,83.17,7.67,7.5,7.58
El Salvador,Arabica,2016.0,1350.0,83.17,7.5,7.33,7.67
Guatemala,Arabica,2015.0,1500.0,83.17,7.75,7.5,7.5
Guatemala,Arabica,2015.0,1650.0,83.17,7.67,7.42,7.5
Kenya,Arabica,2014.0,250.5,83.17,7.75,7.67,8.5
Thailand,Arabica,2014.0,800.0,83.17,7.58,7.58,7.67
"Tanzania, United Republic Of",Arabica,2014.0,1653.0,83.17,7.67,7.67,7.58
Colombia,Arabica,2014.0,1775.0,83.17,7.5,7.5,7.67
Uganda,Arabica,2014.0,1800.0,83.17,7.67,7.5,7.58
Colombia,Arabica,2014.0,,83.17,7.75,7.5,7.58
Honduras,Arabica,2013.0,1450.0,83.17,7.5,7.5,7.67
Honduras,Arabica,2014.0,1350.0,83.17,7.67,7.5,7.67
Guatemala,Arabica,2014.0,1524.0,83.17,7.83,7.17,7.67
United States (Hawaii),Arabica,2013.0,,83.17,7.5,7.58,7.67
"Tanzania, United Republic Of",Arabica,2014.0,1800.0,83.17,7.5,7.58,7.58
Guatemala,Arabica,2013.0,1310.64,83.17,7.83,7.33,7.67
Mexico,Arabica,2013.0,1500.0,83.17,7.58,7.58,7.42
Mexico,Arabica,2012.0,532.0,83.17,7.67,7.58,7.58
Mexico,Arabica,2012.0,1089.0,83.17,7.75,7.42,7.58
Colombia,Arabica,2012.0,1775.0,83.17,7.5,7.5,8.17
Mexico,Arabica,2012.0,700.0,83.17,7.5,7.42,7.58
Colombia,Arabica,2012.0,1750.0,83.17,7.67,7.5,7.67
Mexico,Arabica,2012.0,1380.0,83.17,7.75,7.58,7.5
Brazil,Arabica,2012.0,1000.0,83.17,7.67,7.58,7.58
Brazil,Arabica,2012.0,950.0,83.17,7.58,7.5,7.5
Guatemala,Arabica,2012.0,1402.08,83.17,7.5,7.67,8.0
Brazil,Arabica,2011.0,1000.0,83.17,7.5,7.58,7.5
Brazil,Arabica,2011.0,900.0,83.17,7.75,7.67,7.58
El Salvador,Arabica,2010.0,1200.0,83.17,7.83,8.17,7.58
Ethiopia,Arabica,,1850.0,83.17,8.0,7.67,7.92
Colombia,Arabica,2016.0,1799.0,83.08,7.67,7.33,7.58
Colombia,Arabica,2016.0,,83.08,7.5,7.5,7.75
Brazil,Arabica,2015.0,905.0,83.08,7.58,7.58,7.58
Brazil,Arabica,2015.0,1.0,83.08,7.67,7.67,7.42
Taiwan,Arabica,2015.0,750.0,83.08,7.92,7.5,7.25
Brazil,Arabica,2015.0,,83.08,7.67,7.58,7.67
Brazil,Arabica,2014.0,1200.0,83.08,7.83,7.67,7.5
Costa Rica,Arabica,2014.0,1300.0,83.08,7.33,7.5,7.67
United States (Hawaii),Arabica,2013.0,,83.08,7.75,7.58,7.67
Taiwan,Arabica,2013.0,1300.0,83.08,7.75,7.5,7.5
United States (Hawaii),Arabica,2012.0,,83.08,7.83,7.33,7.67
Mexico,Arabica,2012.0,1400.0,83.08,7.67,7.42,7.5
United States (Hawaii),Arabica,2012.0,,83.08,7.58,7.5,8.0
United States (Hawaii),Arabica,2012.0,,83.08,7.58,7.58,7.58
Colombia,Arabica,,1775.0,83.08,7.33,7.33,8.08
Colombia,Arabica,2010.0,1880.0,83.08,7.75,7.33,7.92
Indonesia,Arabica,2010.0,1350.0,83.08,7.58,7.5,7.58
Guatemala,Arabica,,,83.08,7.67,7.67,7.67
Brazil,Arabica,2017.0,890.0,83.0,7.5,7.5,7.5
Brazil,Arabica,2016.0,894.0,83.0,7.58,7.58,7.5
Brazil,Arabica,2016.0,872.0,83.0,7.67,7.58,7.42
Uganda,Arabica,2015.0,1473.0,83.0,7.58,7.42,7.5
Uganda,Arabica,2015.0,1645.0,83.0,7.67,7.5,7.5
Colombia,Arabica,2016.0,442.0,83.0,7.67,7.33,7.58
Vietnam,Arabica,2014.0,1550.0,83.0,7.67,7.58,7.67
Guatemala,Arabica,2015.0,1550.0,83.0,7.75,7.33,7.5
Guatemala,Arabica,2015.0,1371.6,83.0,7.67,7.33,7.42
Guatemala,Arabica,2015.0,1500.0,83.0,7.67,7.25,7.5
Brazil,Arabica,2014.0,1000.0,83.0,7.67,7.67,7.5
Taiwan,Arabica,2014.0,1200.0,83.0,7.92,7.83,7.25
Uganda,Arabica,2013.0,1800.0,83.0,7.58,7.5,7.5
United States (Puerto Rico),Arabica,2013.0,853.44,83.0,7.5,7.67,7.83
Guatemala,Arabica,2014.0,1500.0,83.0,7.67,7.42,7.5
Costa Rica,Arabica,2013.0,1200.0,83.0,7.58,7.5,7.5
Brazil,Arabica,2013.0,1250.0,83.0,7.58,7.42,7.67
Colombia,Arabica,2013.0,1775.0,83.0,7.42,7.33,7.17
Colombia,Arabica,2013.0,1750.0,83.0,7.5,7.58,7.67
Colombia,Arabica,2013.0,1000.0,83.0,7.67,7.75,7.58
Colombia,Arabica,2013.0,1000.0,83.0,7.75,7.42,7.42
Colombia,Arabica,2012.0,1775.0,83.0,7.5,7.42,7.58
Mexico,Arabica,2012.0,750.0,83.0,7.58,7.42,7.58
Mexico,Arabica,2012.0,1200.0,83.0,7.83,7.5,7.67
Mexico,Arabica,2012.0,1200.0,83.0,7.67,7.5,7.58
Colombia,Arabica,2012.0,,83.0,7.58,7.5,7.5
Colombia,Arabica,2012.0,1625.0,83.0,7.58,7.5,7.75
Colombia,Arabica,2012.0,1750.0,83.0,7.58,7.58,7.42
Guatemala,Arabica,2012.0,1371.6,83.0,7.67,7.5,7.83
Colombia,Arabica,2011.0,1775.0,83.0,7.67,7.58,7.42
Thailand,Arabica,2011.0,,83.0,7.67,7.58,7.67
Colombia,Arabica,,1450.0,83.0,7.67,7.58,7.92
United States (Hawaii),Arabica,,,83.0,7.83,7.67,7.83
United States (Hawaii),Arabica,,,83.0,7.58,7.42,7.67
Colombia,Arabica,2011.0,1800.0,83.0,7.58,7.67,7.58
Nicaragua,Arabica,2009.0,,83.0,7.83,7.75,8.08
Thailand,Arabica,,,83.0,7.25,7.42,7.5
Brazil,Arabica,2017.0,890.0,82.92,7.58,7.5,7.5
El Salvador,Arabica,2017.0,1350.0,82.92,7.5,7.75,7.83
Colombia,Arabica,2017.0,1500.0,82.92,7.67,7.5,7.58
Taiwan,Arabica,2016.0,350.0,82.92,7.83,7.25,7.58
Ethiopia,Arabica,2016.0,2000.0,82.92,7.58,7.5,7.58
Taiwan,Arabica,2014.0,775.0,82.92,7.58,7.67,7.75
Philippines,Arabica,2015.0,1200.0,82.92,7.58,7.67,7.5
Philippines,Arabica,2014.0,1600.0,82.92,7.5,7.67,7.5
Mexico,Arabica,2015.0,1059.0,82.92,7.67,7.25,7.5
Mexico,Arabica,2015.0,1300.0,82.92,7.67,7.42,7.5
Brazil,Arabica,2014.0,,82.92,7.5,7.5,7.67
Uganda,Arabica,2013.0,1650.0,82.92,7.5,7.5,7.42
Uganda,Arabica,2013.0,1400.0,82.92,7.58,7.58,7.5
Guatemala,Arabica,2014.0,1500.0,82.92,7.5,7.42,7.5
Guatemala,Arabica,2014.0,1500.0,82.92,7.83,7.42,7.5
Guatemala,Arabica,2012.0,,82.92,7.58,7.25,7.58
Colombia,Arabica,2013.0,1900.0,82.92,7.5,7.75,7.58
Colombia,Arabica,2013.0,1750.0,82.92,7.5,7.25,7.5
Guatemala,Arabica,2013.0,1706.88,82.92,7.75,7.25,7.17
Colombia,Arabica,2013.0,1450.0,82.92,7.67,7.42,7.58
Mexico,Arabica,2012.0,1248.0,82.92,7.58,7.33,7.75
Vietnam,Arabica,2012.0,1040.0,82.92,7.33,7.17,7.42
Mexico,Arabica,2012.0,1400.0,82.92,7.92,7.67,7.42
United States (Hawaii),Arabica,2012.0,,82.92,7.5,7.5,7.83
Colombia,Arabica,2011.0,1450.0,82.92,7.75,7.33,7.83
Thailand,Arabica,,,82.92,7.58,7.5,8.0
Kenya,Arabica,2017.0,1754.0,82.83,7.58,7.42,7.5
Guatemala,Arabica,2017.0,1700.0,82.83,7.58,7.33,7.58
Brazil,Arabica,2015.0,905.0,82.83,7.58,7.58,7.42
El Salvador,Arabica,2016.0,1250.0,82.83,7.67,7.67,7.67
Rwanda,Arabica,2015.0,1900.0,82.83,7.92,7.75,7.75
Vietnam,Arabica,2014.0,1040.0,82.83,7.58,7.5,7.42
Guatemala,Arabica,2015.0,1219.2,82.83,7.58,7.33,7.5
Brazil,Arabica,2015.0,900.0,82.83,7.83,7.33,7.33
Colombia,Arabica,2014.0,1600.0,82.83,7.67,7.5,7.67
United States,Arabica,2014.0,1200.0,82.83,7.58,7.25,7.75
Guatemala,Arabica,2014.0,1500.0,82.83,7.67,7.75,7.17
Colombia,Arabica,2013.0,1800.0,82.83,7.42,7.58,7.58
Colombia,Arabica,2013.0,1775.0,82.83,7.5,7.5,7.5
"Tanzania, United Republic Of",Arabica,2012.0,1400.0,82.83,7.5,7.33,7.75
Mexico,Arabica,2012.0,1550.0,82.83,7.67,7.5,7.5
Mexico,Arabica,2012.0,1250.0,82.83,7.58,7.42,7.42
Guatemala,Arabica,2012.0,1310.64,82.83,7.67,7.33,7.92
Mexico,Arabica,2012.0,1380.0,82.83,7.58,7.5,7.58
El Salvador,Arabica,2010.0,1200.0,82.83,7.58,7.75,7.5
Guatemala,Arabica,,1100.0,82.75,7.58,7.42,7.5
Guatemala,Arabica,2017.0,1800.0,82.75,7.67,7.5,7.42
Guatemala,Arabica,2017.0,1700.0,82.75,7.67,7.17,7.58
Guatemala,Arabica,2017.0,1219.2,82.75,7.5,7.42,7.5
Guatemala,Arabica,2017.0,1219.2,82.75,7.58,7.42,7.5
Indonesia,Arabica,2017.0,1500.0,82.75,7.58,7.42,7.5
Guatemala,Arabica,2017.0,157.8864,82.75,7.58,7.33,7.67
Taiwan,Arabica,2016.0,650.0,82.75,7.67,7.33,7.67
El Salvador,Arabica,2017.0,1250.0,82.75,7.67,7.17,7.67
Costa Rica,Arabica,2016.0,1850.0,82.75,7.5,7.42,7.5
Honduras,Arabica,2017.0,1400.0,82.75,7.5,7.42,7.5
Brazil,Arabica,2015.0,905.0,82.75,7.5,7.58,7.58
China,Arabica,2015.0,1100.0,82.75,7.5,7.33,7.67
China,Arabica,2015.0,1500.0,82.75,7.67,7.42,7.5
Colombia,Arabica,2014.0,1775.0,82.75,7.58,7.58,7.5
Malawi,Arabica,2014.0,1442.0,82.75,7.58,7.42,7.5
Guatemala,Arabica,2014.0,1524.0,82.75,7.42,7.25,7.67
Colombia,Arabica,2014.0,165.0,82.75,7.42,7.42,7.67
United States (Hawaii),Arabica,2013.0,,82.75,7.58,7.42,7.5
United States (Hawaii),Arabica,2013.0,,82.75,7.83,7.75,8.0
Colombia,Arabica,2013.0,1300.0,82.75,7.33,7.17,8.58
Mexico,Arabica,2013.0,1550.0,82.75,7.58,7.5,7.5
Mexico,Arabica,2012.0,1200.0,82.75,7.58,7.33,7.58
Mexico,Arabica,2012.0,1200.0,82.75,8.17,8.0,7.92
Colombia,Arabica,2012.0,1625.0,82.75,7.58,7.42,7.58
Colombia,Arabica,2012.0,1775.0,82.75,7.58,7.58,7.42
United States (Hawaii),Arabica,2012.0,,82.75,7.75,7.5,7.67
Panama,Arabica,2012.0,1100.0,82.75,7.42,7.5,7.75
United States (Hawaii),Arabica,,,82.75,7.67,7.5,7.42
Brazil,Arabica,2017.0,890.0,82.67,7.58,7.25,7.5
Brazil,Arabica,2016.0,934.0,82.67,7.58,7.5,7.42
Laos,Arabica,2015.0,1300.0,82.67,7.67,7.42,7.5
El Salvador,Arabica,2016.0,1200.0,82.67,7.67,7.67,7.67
Mexico,Arabica,2016.0,1300.0,82.67,7.67,7.42,7.17
Colombia,Arabica,2015.0,,82.67,7.5,7.33,7.75
Brazil,Arabica,2015.0,1.0,82.67,7.5,7.42,7.5
Brazil,Arabica,2014.0,,82.67,7.5,7.58,7.5
"Tanzania, United Republic Of",Arabica,2014.0,1700.0,82.67,7.5,7.5,7.58
"Tanzania, United Republic Of",Arabica,2014.0,1550.0,82.67,7.5,7.5,7.58
Taiwan,Arabica,2014.0,1200.0,82.67,7.83,7.83,7.25
Mexico,Arabica,2014.0,1296.0,82.67,7.58,7.42,7.5
Uganda,Arabica,2013.0,1650.0,82.67,7.5,7.33,7.5
Taiwan,Arabica,2013.0,1240.0,82.67,7.5,7.5,7.5
Thailand,Arabica,2013.0,1500.0,82.67,7.5,7.5,7.5
Colombia,Arabica,2012.0,1800.0,82.67,7.58,7.67,7.42
El Salvador,Arabica,2012.0,,82.67,8.0,7.5,7.58
Guatemala,Arabica,2012.0,1500.0,82.67,7.67,7.17,7.5
Thailand,Arabica,2012.0,,82.67,7.33,7.83,7.83
Mexico,Arabica,2012.0,1100.0,82.67,7.58,7.42,7.5
Mexico,Arabica,2012.0,950.0,82.67,7.58,7.58,7.42
Colombia,Arabica,2011.0,3850.0,82.67,7.58,7.42,7.67
United States (Hawaii),Arabica,,,82.67,7.67,7.5,7.58
Mexico,Arabica,2010.0,1400.0,82.67,7.58,7.25,7.58
Colombia,Arabica,,1800.0,82.67,7.67,7.67,7.17
Colombia,Arabica,2009.0,,82.67,7.42,7.33,7.83
Guatemala,Arabica,2017.0,1219.2,82.58,7.42,7.42,7.5
Taiwan,Arabica,2016.0,1050.0,82.58,7.42,7.5,7.5
Brazil,Arabica,2016.0,,82.58,7.58,7.42,7.33
Taiwan,Arabica,2016.0,200.0,82.58,7.25,7.0,7.0
Brazil,Arabica,2016.0,,82.58,7.42,7.5,7.67
Indonesia,Arabica,2015.0,1250.0,82.58,7.58,7.42,7.5
Thailand,Arabica,2014.0,800.0,82.58,7.33,7.42,7.5
Thailand,Arabica,2014.0,1450.0,82.58,7.58,7.58,7.5
"Tanzania, United Republic Of",Arabica,2014.0,1317.0,82.58,7.42,7.33,7.5
Uganda,Arabica,2013.0,1650.0,82.58,7.5,7.42,7.42
Costa Rica,Arabica,2013.0,1300.0,82.58,7.42,7.5,7.75
Mexico,Arabica,2014.0,,82.58,7.58,7.42,7.67
Guatemala,Arabica,2012.0,,82.58,7.58,7.42,7.58
Colombia,Arabica,2013.0,1750.0,82.58,7.25,7.33,7.83
Colombia,Arabica,2012.0,1750.0,82.58,7.5,7.75,7.58
Colombia,Arabica,2013.0,1750.0,82.58,7.5,7.42,7.42
Mexico,Arabica,2012.0,1250.0,82.58,7.58,7.5,7.5
Mexico,Arabica,2012.0,1150.0,82.58,7.58,7.58,6.83
Colombia,Arabica,2012.0,1775.0,82.58,7.42,7.58,7.5
Brazil,Arabica,2011.0,975.0,82.58,7.5,7.33,7.5
Brazil,Arabica,2017.0,890.0,82.5,7.5,7.5,7.5
Indonesia,Arabica,2017.0,1250.0,82.5,7.75,7.25,7.33
Honduras,Arabica,2017.0,1400.0,82.5,7.58,7.33,7.5
Guatemala,Arabica,2016.0,1219.2,82.5,7.5,7.33,7.5
Thailand,Arabica,2014.0,800.0,82.5,7.83,7.5,7.42
Thailand,Arabica,2014.0,1450.0,82.5,7.5,7.5,7.5
"Tanzania, United Republic Of",Arabica,2014.0,1600.0,82.5,7.42,7.33,7.5
"Tanzania, United Republic Of",Arabica,2014.0,,82.5,7.0,7.42,7.58
Mexico,Arabica,2013.0,1600.0,82.5,7.58,7.5,7.5
Brazil,Arabica,2013.0,1260.0,82.5,7.5,7.67,7.67
Guatemala,Arabica,2013.0,1310.64,82.5,7.42,7.33,7.5
Colombia,Arabica,2013.0,1750.0,82.5,7.5,7.42,7.58
Guatemala,Arabica,2013.0,1310.64,82.5,7.67,7.17,7.67
Mexico,Arabica,2012.0,1679.0,82.5,7.58,7.5,7.42
Mexico,Arabica,2012.0,1100.0,82.5,7.5,7.33,7.33
Mexico,Arabica,2012.0,1650.0,82.5,7.5,7.33,7.42
Guatemala,Arabica,2012.0,,82.5,7.33,7.33,7.83
Brazil,Arabica,2012.0,1250.0,82.5,7.42,7.33,7.5
Colombia,Arabica,2012.0,1775.0,82.5,7.5,7.33,7.67
United States (Hawaii),Arabica,2012.0,,82.5,7.42,7.33,7.67
Guatemala,Arabica,,1600.0,82.5,7.58,7.67,7.58
Honduras,Arabica,2017.0,1500.0,82.42,7.67,7.17,7.5
Guatemala,Arabica,2017.0,1700.0,82.42,7.5,7.33,7.5
Guatemala,Arabica,2016.0,1700.0,82.42,7.58,7.25,7.33
Guatemala,Arabica,2017.0,157.8864,82.42,7.5,7.25,7.5
Guatemala,Arabica,2017.0,,82.42,7.42,7.08,7.5
Colombia,Arabica,2016.0,1600.0,82.42,7.75,7.83,8.08
China,Arabica,2015.0,1600.0,82.42,7.42,7.42,7.42
Brazil,Arabica,2016.0,,82.42,7.5,7.33,7.42
"Tanzania, United Republic Of",Arabica,2015.0,2285.0,82.42,7.25,7.42,7.42
Brazil,Arabica,2015.0,1.0,82.42,7.83,7.33,7.42
Guatemala,Arabica,2013.0,1400.0,82.42,7.5,7.5,7.5
Mexico,Arabica,2014.0,1296.0,82.42,7.5,7.42,7.5
Brazil,Arabica,2012.0,1000.0,82.42,7.67,7.33,7.42
Peru,Arabica,2013.0,,82.42,7.58,7.58,7.58
Brazil,Arabica,2013.0,1260.0,82.42,7.33,7.25,7.5
Mexico,Arabica,2013.0,1170.0,82.42,7.58,7.5,7.67
Honduras,Arabica,2012.0,,82.42,7.67,7.42,7.5
Colombia,Arabica,2013.0,1775.0,82.42,7.42,7.33,7.5
Mexico,Arabica,2013.0,1560.0,82.42,7.42,7.42,7.58
Mexico,Arabica,2012.0,1400.0,82.42,7.58,7.5,7.5
Mexico,Arabica,2012.0,1300.0,82.42,7.58,7.33,7.5
Mexico,Arabica,2012.0,1170.0,82.42,7.33,7.25,7.33
Mexico,Arabica,2012.0,1300.0,82.42,7.58,7.33,7.5
Mexico,Arabica,2012.0,1350.0,82.42,7.58,7.17,7.5
Mexico,Arabica,2012.0,1150.0,82.42,7.33,7.33,7.5
Mexico,Arabica,2012.0,1250.0,82.42,7.58,7.33,7.33
Mexico,Arabica,2012.0,1450.0,82.42,7.5,7.42,7.33
Colombia,Arabica,2012.0,442.0,82.42,7.33,7.25,7.67
Brazil,Arabica,2012.0,,82.42,7.5,7.42,7.42
Colombia,Arabica,2011.0,1750.0,82.42,7.58,7.17,7.58
Colombia,Arabica,2011.0,1750.0,82.42,7.25,7.42,7.83
Honduras,Arabica,2017.0,1396.0,82.33,7.58,7.33,7.42
Brazil,Arabica,2016.0,982.0,82.33,7.5,7.5,7.5
Brazil,Arabica,2016.0,,82.33,7.42,7.42,7.58
Brazil,Arabica,2016.0,934.0,82.33,7.5,7.42,7.5
Costa Rica,Arabica,2015.0,1850.0,82.33,7.5,7.25,7.67
Costa Rica,Arabica,2015.0,1550.0,82.33,7.33,7.5,7.58
China,Arabica,2015.0,1580.0,82.33,7.58,7.42,7.42
Brazil,Arabica,2015.0,1268.0,82.33,7.83,7.25,8.08
Brazil,Arabica,2015.0,,82.33,7.5,7.5,7.58
Guatemala,Arabica,2015.0,1676.4,82.33,7.42,7.17,7.5
Malawi,Arabica,2014.0,1450.0,82.33,7.58,7.42,7.5
Brazil,Arabica,2014.0,1100.0,82.33,8.08,7.67,8.0
Guatemala,Arabica,2014.0,1524.0,82.33,7.67,7.5,7.5
Mexico,Arabica,2014.0,,82.33,7.58,7.42,7.5
Colombia,Arabica,2013.0,1300.0,82.33,7.33,7.5,8.33
Taiwan,Arabica,2013.0,200.0,82.33,7.5,7.5,7.5
Taiwan,Arabica,2013.0,600.0,82.33,7.5,7.5,7.5
Guatemala,Arabica,2013.0,1310.64,82.33,7.42,7.58,7.58
Colombia,Arabica,2013.0,1750.0,82.33,7.42,7.5,7.58
Mexico,Arabica,2013.0,1300.0,82.33,7.5,7.42,7.42
Costa Rica,Arabica,2012.0,,82.33,7.58,7.25,7.58
Guatemala,Arabica,2012.0,1752.6,82.33,7.5,7.33,7.33
Mexico,Arabica,2012.0,441.0,82.33,7.67,7.58,7.58
Mexico,Arabica,2012.0,1170.0,82.33,7.58,7.5,7.5
Guatemala,Arabica,2012.0,1310.64,82.33,7.67,7.33,7.5
Brazil,Arabica,2012.0,1100.0,82.33,7.5,7.42,7.42
Mexico,Arabica,2012.0,1300.0,82.33,7.75,7.33,7.67
Brazil,Arabica,2012.0,950.0,82.33,7.58,7.25,7.5
Colombia,Arabica,2012.0,442.0,82.33,7.58,7.33,7.42
Brazil,Arabica,,1100.0,82.25,7.5,7.25,7.33
Taiwan,Arabica,2016.0,,82.25,7.08,7.0,7.0
Guatemala,Arabica,2016.0,1450.0,82.25,7.5,7.25,7.42
Brazil,Arabica,2015.0,1.0,82.25,7.67,7.5,7.42
El Salvador,Arabica,2014.0,1500.0,82.25,7.67,7.5,8.42
Honduras,Arabica,2015.0,1350.0,82.25,7.5,7.42,7.42
Malawi,Arabica,2014.0,1180.0,82.25,7.42,7.33,7.5
Brazil,Arabica,2014.0,1100.0,82.25,7.58,7.42,7.33
Taiwan,Arabica,2013.0,650.0,82.25,7.5,7.5,7.5
Mexico,Arabica,2013.0,1338.0,82.25,7.58,7.42,7.42
United States (Hawaii),Arabica,2013.0,,82.25,7.42,7.5,7.42
Mexico,Arabica,2012.0,533.0,82.25,7.58,7.5,7.42
Guatemala,Arabica,2012.0,1390.8024,82.25,7.5,7.33,7.33
Mexico,Arabica,2012.0,1170.0,82.25,7.58,7.42,7.42
Mexico,Arabica,2012.0,1250.0,82.25,7.58,7.33,7.42
El Salvador,Arabica,2012.0,,82.25,7.33,7.33,7.5
Mexico,Arabica,2012.0,1100.0,82.25,7.58,7.42,7.5
Mexico,Arabica,2012.0,900.0,82.25,7.5,7.42,7.5
Colombia,Arabica,2012.0,1750.0,82.25,7.42,7.67,7.33
Colombia,Arabica,2012.0,1775.0,82.25,7.33,7.33,7.5
Brazil,Arabica,2012.0,,82.25,7.58,7.42,7.58
Colombia,Arabica,,,82.25,7.25,7.58,7.67
Brazil,Arabica,2016.0,934.0,82.17,7.42,7.5,7.5
Honduras,Arabica,2015.0,1500.0,82.17,7.5,7.17,7.5
Nicaragua,Arabica,,1000.0,82.17,7.5,7.33,7.42
"Tanzania, United Republic Of",Arabica,2015.0,1650.0,82.17,7.42,7.42,7.42
"Tanzania, United Republic Of",Arabica,2015.0,1600.0,82.17,7.42,7.42,7.33
Brazil,Arabica,2015.0,1.0,82.17,7.58,7.42,7.5
Thailand,Arabica,2014.0,800.0,82.17,7.42,7.17,7.67
Honduras,Arabica,2015.0,1350.0,82.17,7.5,7.25,7.42
Guatemala,Arabica,2014.0,1500.0,82.17,7.42,7.5,7.5
Brazil,Arabica,2014.0,,82.17,7.5,7.42,7.42
"Tanzania, United Republic Of",Arabica,2014.0,1700.0,82.17,7.42,7.42,7.42
Mexico,Arabica,2013.0,1100.0,82.17,7.33,7.17,8.17
Mexico,Arabica,2013.0,1400.0,82.17,7.5,7.33,7.42
Taiwan,Arabica,2013.0,1200.0,82.17,7.5,7.5,7.5
Taiwan,Arabica,2012.0,800.0,82.17,7.5,7.5,7.58
Colombia,Arabica,2013.0,1750.0,82.17,7.25,7.25,7.5
Mexico,Arabica,2012.0,1144.0,82.17,7.67,7.0,7.5
Guatemala,Arabica,2012.0,1350.0,82.17,7.75,7.0,7.75
Mexico,Arabica,2012.0,1000.0,82.17,7.58,7.25,7.33
Mexico,Arabica,2012.0,1200.0,82.17,7.67,7.5,7.5
Colombia,Arabica,,1800.0,82.17,7.67,7.42,7.75
Indonesia,Arabica,2017.0,1300.0,82.08,7.5,7.42,7.42
Colombia,Arabica,2016.0,,82.08,7.58,7.42,7.58
Brazil,Arabica,2016.0,894.0,82.08,7.58,7.42,7.25
Brazil,Arabica,2015.0,1.0,82.08,7.25,7.58,7.92
Costa Rica,Arabica,2015.0,1300.0,82.08,7.42,7.42,7.42
"Tanzania, United Republic Of",Arabica,2014.0,1500.0,82.08,7.33,7.42,7.58
"Tanzania, United Republic Of",Arabica,2014.0,1600.0,82.08,7.5,7.5,7.5
Colombia,Arabica,2013.0,,82.08,7.42,7.42,7.42
Costa Rica,Arabica,2013.0,13.0,82.08,7.33,7.33,7.67
United States (Hawaii),Arabica,2012.0,,82.08,7.58,7.58,7.42
Mexico,Arabica,2012.0,1300.0,82.08,7.58,7.5,7.42
Mexico,Arabica,2012.0,1800.0,82.08,7.42,7.42,7.5
Mexico,Arabica,2012.0,1250.0,82.08,7.5,7.25,7.33
Vietnam,Arabica,2012.0,1040.0,82.08,8.0,7.17,7.08
Mexico,Arabica,2012.0,1250.0,82.08,7.42,7.25,7.42
United States (Hawaii),Arabica,2012.0,,82.08,7.5,7.33,7.83
Colombia,Arabica,2011.0,1600.0,82.08,7.42,7.67,7.58
Honduras,Arabica,2017.0,1600.0,82.0,7.5,7.17,7.42
Honduras,Arabica,2016.0,1600.0,82.0,7.5,7.25,7.5
Brazil,Arabica,2016.0,944.0,82.0,7.33,7.42,7.42
"Tanzania, United Republic Of",Arabica,2015.0,1650.0,82.0,7.33,7.33,7.42
Laos,Arabica,2015.0,1250.0,82.0,7.5,7.25,7.5
"Tanzania, United Republic Of",Arabica,2014.0,1350.0,82.0,7.42,7.33,7.42
Malawi,Arabica,2014.0,2500.0,82.0,7.42,7.33,7.5
Taiwan,Arabica,2013.0,600.0,82.0,7.5,7.17,7.33
Thailand,Arabica,2013.0,800.0,82.0,7.5,7.42,7.42
Costa Rica,Arabica,2013.0,1300.0,82.0,7.25,7.33,7.5
Honduras,Arabica,2014.0,1400.0,82.0,7.33,7.33,7.83
Colombia,Arabica,2013.0,1900.0,82.0,7.33,7.58,7.58
Taiwan,Arabica,2012.0,650.0,82.0,7.58,7.33,7.5
Brazil,Arabica,2012.0,1038.5,82.0,7.67,7.42,7.42
Mexico,Arabica,2012.0,940.0,82.0,7.33,7.25,7.42
Brazil,Arabica,2012.0,1000.0,82.0,7.5,7.33,7.5
Brazil,Arabica,2012.0,1050.0,82.0,7.5,7.25,7.42
Guatemala,Arabica,2012.0,,82.0,7.33,7.33,7.67
Brazil,Arabica,2012.0,950.0,82.0,7.5,7.17,7.42
Guatemala,Arabica,2012.0,1402.08,82.0,7.33,7.33,7.67
Colombia,Arabica,,1775.0,82.0,7.0,7.08,7.67
Guatemala,Arabica,2017.0,1901.0,81.92,7.5,7.25,7.5
Guatemala,Arabica,2017.0,1219.2,81.92,7.5,7.25,7.42
Honduras,Arabica,2017.0,1400.0,81.92,7.5,7.25,7.5
Brazil,Arabica,2016.0,1020.0,81.92,7.33,7.33,7.33
El Salvador,Arabica,2014.0,1250.0,81.92,7.58,7.33,7.67
Guatemala,Arabica,2015.0,1550.0,81.92,7.58,7.17,7.33
"Tanzania, United Republic Of",Arabica,2014.0,1877.0,81.92,7.33,7.33,7.58
Nicaragua,Arabica,2013.0,,81.92,7.42,7.25,7.67
Zambia,Arabica,2014.0,1250.0,81.92,7.08,7.42,7.42
Honduras,Arabica,2012.0,,81.92,7.33,7.33,7.5
Taiwan,Arabica,2012.0,1000.0,81.92,7.5,7.42,7.5
Mexico,Arabica,2013.0,1300.0,81.92,7.5,7.25,7.25
Mexico,Arabica,2012.0,981.0,81.92,7.5,7.25,7.5
Mexico,Arabica,2012.0,690.0,81.92,7.42,7.25,7.33
Mexico,Arabica,2012.0,1650.0,81.92,7.58,7.17,7.33
Mexico,Arabica,2012.0,1000.0,81.92,7.42,7.33,7.5
Brazil,Arabica,2012.0,1100.0,81.92,7.58,7.25,7.5
Colombia,Arabica,2010.0,1600.0,81.92,7.33,7.33,7.33
Guatemala,Arabica,2017.0,157.8864,81.83,7.5,7.25,7.42
Costa Rica,Arabica,2016.0,1900.0,81.83,7.33,7.5,7.42
Brazil,Arabica,2016.0,973.0,81.83,7.5,7.42,7.25
Indonesia,Arabica,2015.0,1250.0,81.83,7.83,7.58,7.83
Guatemala,Arabica,2015.0,3280.0,81.83,7.5,7.33,7.25
Brazil,Arabica,2015.0,1.0,81.83,7.58,6.83,7.25
Brazil,Arabica,2015.0,1.0,81.83,7.0,6.92,7.5
Myanmar,Arabica,2015.0,4001.0,81.83,7.58,7.5,7.33
Mexico,Arabica,2015.0,1425.0,81.83,7.5,7.33,7.33
Honduras,Arabica,2015.0,1400.0,81.83,7.5,7.33,7.25
Costa Rica,Arabica,2015.0,1300.0,81.83,7.5,7.5,7.42
Taiwan,Arabica,2014.0,700.0,81.83,7.33,7.17,7.33
Indonesia,Arabica,2014.0,1300.0,81.83,7.42,7.42,7.42
Malawi,Arabica,2014.0,1556.0,81.83,7.42,7.33,7.42
Brazil,Arabica,2014.0,1100.0,81.83,7.58,7.25,7.33
Honduras,Arabica,2014.0,1350.0,81.83,7.5,7.33,7.33
Mexico,Arabica,2014.0,1550.0,81.83,7.42,7.25,7.42
Colombia,Arabica,2013.0,1775.0,81.83,7.5,7.0,7.58
United States (Hawaii),Arabica,2012.0,,81.83,7.83,7.83,7.83
Brazil,Arabica,2012.0,1250.0,81.83,7.75,7.5,7.75
Guatemala,Arabica,2013.0,1310.64,81.83,7.67,7.33,7.83
Mexico,Arabica,2012.0,1500.0,81.83,7.33,7.25,7.33
Mexico,Arabica,2012.0,1250.0,81.83,7.33,7.25,7.5
Brazil,Arabica,2011.0,925.0,81.83,7.67,7.25,7.25
Colombia,Arabica,2011.0,1700.0,81.83,7.5,7.17,7.33
United States (Hawaii),Arabica,,,81.83,7.58,7.83,7.75
Guatemala,Arabica,2017.0,1700.0,81.75,7.5,7.25,7.33
Vietnam,Arabica,2014.0,1040.0,81.75,7.08,7.33,7.33
"Tanzania, United Republic Of",Arabica,2014.0,1600.0,81.75,7.42,7.42,7.33
Brazil,Arabica,2013.0,,81.75,7.25,7.17,8.25
Mexico,Arabica,2012.0,774.0,81.75,7.5,7.33,7.25
Mexico,Arabica,2012.0,1250.0,81.75,7.5,7.17,7.42
Mexico,Arabica,2012.0,1100.0,81.75,7.5,7.33,7.33
Mexico,Arabica,2012.0,1550.0,81.75,7.42,7.33,7.25
Mexico,Arabica,2012.0,1650.0,81.75,7.42,7.25,7.25
Colombia,Arabica,2011.0,1750.0,81.75,7.42,7.33,7.67
Colombia,Arabica,,1775.0,81.75,7.58,6.92,8.0
Brazil,Arabica,2017.0,890.0,81.67,7.5,7.25,7.25
Guatemala,Arabica,2017.0,1700.0,81.67,7.42,7.08,7.42
Guatemala,Arabica,2017.0,1219.2,81.67,7.33,7.17,7.42
Honduras,Arabica,2016.0,1450.0,81.67,7.5,7.33,7.25
"Tanzania, United Republic Of",Arabica,2016.0,1800.0,81.67,7.33,7.33,7.33
Nicaragua,Arabica,,,81.67,7.5,7.25,7.25
Colombia,Arabica,2016.0,,81.67,7.75,7.75,7.83
Brazil,Arabica,2015.0,1.0,81.67,7.75,6.92,7.58
"Tanzania, United Republic Of",Arabica,2014.0,1500.0,81.67,7.33,7.25,7.42
"Tanzania, United Republic Of",Arabica,2013.0,1700.0,81.67,7.33,7.5,7.33
Brazil,Arabica,2014.0,1260.0,81.67,7.42,7.25,7.42
Indonesia,Arabica,2013.0,,81.67,7.42,7.33,7.42
Honduras,Arabica,2014.0,1400.0,81.67,7.33,7.5,7.17
Costa Rica,Arabica,2013.0,1850.0,81.67,7.17,7.17,7.08
Mexico,Arabica,2014.0,,81.67,7.42,7.67,7.5
Taiwan,Arabica,2013.0,150.0,81.67,7.5,7.5,7.25
Taiwan,Arabica,2013.0,750.0,81.67,7.42,7.33,7.33
Mexico,Arabica,2013.0,1400.0,81.67,7.42,7.08,7.33
Guatemala,Arabica,2012.0,1752.6,81.67,7.67,7.33,7.33
Mexico,Arabica,2012.0,1650.0,81.67,7.67,7.58,7.58
Mexico,Arabica,2012.0,1400.0,81.67,7.25,7.17,7.25
Mexico,Arabica,2012.0,1200.0,81.67,7.42,7.33,7.42
Mexico,Arabica,2012.0,1400.0,81.67,7.42,7.25,7.17
Mexico,Arabica,2012.0,940.0,81.67,7.58,7.25,7.33
United States (Hawaii),Arabica,2012.0,,81.67,7.33,7.33,7.83
Honduras,Arabica,2018.0,1200.0,81.58,7.42,7.08,7.33
Guatemala,Arabica,2017.0,,81.58,7.42,7.08,7.33
Taiwan,Arabica,2016.0,800.0,81.58,7.42,7.25,7.25
Costa Rica,Arabica,2015.0,13.0,81.58,7.42,7.5,7.58
"Tanzania, United Republic Of",Arabica,2014.0,1800.0,81.58,7.42,7.33,7.33
Malawi,Arabica,2014.0,1100.0,81.58,7.42,7.17,7.33
Taiwan,Arabica,2014.0,850.0,81.58,7.17,7.08,8.25
Brazil,Arabica,2013.0,1260.0,81.58,7.42,7.33,7.25
Guatemala,Arabica,2013.0,1310.64,81.58,7.33,7.17,7.5
Mexico,Arabica,2013.0,1400.0,81.58,7.5,7.42,7.42
Mexico,Arabica,2012.0,1600.0,81.58,7.5,7.25,7.17
Mexico,Arabica,2012.0,1650.0,81.58,7.58,7.42,7.42
Thailand,Arabica,2011.0,1499.9208,81.58,7.33,7.58,7.5
Thailand,Arabica,2011.0,,81.58,7.33,7.17,7.33
Costa Rica,Arabica,,1600.2,81.58,7.17,7.33,7.75
Guatemala,Arabica,2017.0,1219.2,81.5,7.58,7.17,7.42
Nicaragua,Arabica,2017.0,1100.0,81.5,7.42,7.33,7.33
Honduras,Arabica,2017.0,1400.0,81.5,7.5,7.33,7.25
Guatemala,Arabica,2017.0,,81.5,7.42,7.25,7.25
Taiwan,Arabica,2015.0,180.0,81.5,7.42,7.33,7.25
Myanmar,Arabica,2015.0,1219.2,81.5,7.42,7.25,7.33
Costa Rica,Arabica,2014.0,1200.0,81.5,7.33,7.08,7.5
Malawi,Arabica,2014.0,1599.0,81.5,7.42,6.92,7.17
Guatemala,Arabica,2014.0,1219.2,81.5,7.42,7.17,7.42
Taiwan,Arabica,2014.0,900.0,81.5,7.33,7.67,7.5
Brazil,Arabica,2014.0,1200.0,81.5,7.5,7.5,7.83
Haiti,Arabica,2013.0,825.0,81.5,7.33,7.25,7.33
Taiwan,Arabica,2013.0,600.0,81.5,7.42,7.25,7.33
Mexico,Arabica,2013.0,1150.0,81.5,7.33,7.17,7.5
Mexico,Arabica,2012.0,1600.0,81.5,7.42,7.25,7.33
Mexico,Arabica,2012.0,1100.0,81.5,7.25,7.17,8.0
Mexico,Arabica,2012.0,1000.0,81.5,7.5,7.33,7.42
Mexico,Arabica,2012.0,1250.0,81.5,7.42,7.33,7.42
Mexico,Arabica,2012.0,1100.0,81.5,7.5,7.25,7.58
Indonesia,Arabica,2012.0,1400.0,81.5,7.17,7.17,7.33
Brazil,Arabica,2012.0,125.0,81.5,7.42,7.17,7.33
Guatemala,Arabica,2012.0,,81.5,7.5,7.33,7.33
Colombia,Arabica,,1450.0,81.5,7.42,7.17,7.33
United States (Hawaii),Arabica,,,81.5,7.33,7.33,7.83
Mexico,Arabica,2017.0,1100.0,81.42,7.33,7.08,7.33
Guatemala,Arabica,2016.0,1371.6,81.42,7.33,7.08,7.25
Brazil,Arabica,2015.0,1100.0,81.42,7.5,7.5,7.42
Honduras,Arabica,2015.0,1400.0,81.42,7.33,7.17,7.42
Taiwan,Arabica,2014.0,110.0,81.42,7.75,7.42,7.08
Malawi,Arabica,2014.0,1422.0,81.42,7.17,7.33,7.42
Brazil,Arabica,2014.0,1100.0,81.42,7.5,7.42,7.33
Guatemala,Arabica,2014.0,1550.0,81.42,7.5,7.17,7.42
Mexico,Arabica,2014.0,1550.0,81.42,7.33,7.25,7.42
Peru,Arabica,2013.0,,81.42,7.42,7.17,7.42
Guatemala,Arabica,2013.0,1310.64,81.42,7.33,7.25,7.5
Mexico,Arabica,2012.0,763.0,81.42,7.33,7.25,7.42
Mexico,Arabica,2012.0,1100.0,81.42,7.42,7.25,7.33
Colombia,Arabica,2011.0,1750.0,81.42,7.42,7.25,7.75
Colombia,Arabica,7201.0,1880.0,81.42,7.33,7.42,7.25
United States (Hawaii),Arabica,,,81.42,7.0,7.0,7.5
Colombia,Arabica,2016.0,,81.33,7.33,7.33,7.42
Honduras,Arabica,2016.0,1500.0,81.33,7.5,7.0,7.33
Mexico,Arabica,2016.0,1130.0,81.33,7.42,7.0,7.08
Brazil,Arabica,2015.0,1100.0,81.33,7.33,7.33,7.42
Honduras,Arabica,2015.0,1350.0,81.33,7.42,7.17,7.17
Brazil,Arabica,2014.0,1200.0,81.33,7.33,7.42,7.33
Philippines,Arabica,2014.0,1400.0,81.33,7.33,7.42,7.5
Malawi,Arabica,2014.0,1200.0,81.33,7.33,7.08,7.25
Honduras,Arabica,2014.0,1450.0,81.33,7.33,7.17,7.33
Mexico,Arabica,2012.0,1800.0,81.33,7.42,7.25,7.25
Mexico,Arabica,2012.0,1000.0,81.33,7.25,7.17,7.33
Brazil,Arabica,,1100.0,81.33,7.58,7.5,7.83
Taiwan,Arabica,2015.0,680.0,81.25,7.75,7.67,7.75
Brazil,Arabica,2015.0,1.0,81.25,7.42,7.17,8.17
Nicaragua,Arabica,2015.0,1100.0,81.25,7.5,7.33,7.25
Honduras,Arabica,2015.0,1400.0,81.25,7.17,7.17,7.25
Guatemala,Arabica,2014.0,1700.0,81.25,7.42,7.17,7.33
"Tanzania, United Republic Of",Arabica,2014.0,1700.0,81.25,7.17,7.17,7.42
Taiwan,Arabica,2013.0,650.0,81.25,7.5,7.25,7.25
Guatemala,Arabica,2013.0,1524.0,81.25,7.33,7.5,7.25
Mexico,Arabica,2012.0,1500.0,81.25,7.42,7.33,7.42
Nicaragua,Arabica,2016.0,1200.0,81.17,7.5,7.17,7.17
"Tanzania, United Republic Of",Arabica,2015.0,1050.0,81.17,7.17,7.17,7.17
Mexico,Arabica,2015.0,1200.0,81.17,7.58,7.08,7.25
Costa Rica,Arabica,2015.0,1300.0,81.17,7.5,7.33,7.17
Honduras,Arabica,2015.0,1450.0,81.17,7.33,7.0,7.33
Thailand,Arabica,2014.0,1450.0,81.17,7.42,7.42,7.42
Philippines,Arabica,2014.0,1200.0,81.17,7.25,7.25,7.5
"Tanzania, United Republic Of",Arabica,2014.0,1550.0,81.17,7.17,7.17,7.25
Malawi,Arabica,2014.0,995.0,81.17,7.25,7.33,7.33
Costa Rica,Arabica,2014.0,1300.0,81.17,7.08,7.33,7.58
Brazil,Arabica,2013.0,,81.17,7.42,7.17,7.25
Mexico,Arabica,2012.0,1800.0,81.17,7.25,7.08,7.17
Guatemala,Arabica,2012.0,1450.0,81.17,7.25,7.33,7.42
Brazil,Arabica,2012.0,1000.0,81.17,7.33,7.25,7.17
United States (Hawaii),Arabica,,,81.17,7.75,7.67,7.67
Ethiopia,Arabica,2016.0,,81.08,7.33,7.17,7.17
Brazil,Arabica,2016.0,695.0,81.08,7.42,7.5,7.58
Nicaragua,Arabica,2015.0,1100.0,81.08,7.33,7.33,7.33
United States,Arabica,2014.0,1706.88,81.08,7.17,7.33,7.33
"Tanzania, United Republic Of",Arabica,2014.0,1456.0,81.08,7.33,7.33,7.33
Costa Rica,Arabica,2014.0,1500.0,81.08,7.25,7.17,7.58
United States (Puerto Rico),Arabica,2013.0,853.44,81.08,7.75,7.67,7.67
Mexico,Arabica,2012.0,1650.0,81.08,7.42,7.33,7.33
Mexico,Arabica,2012.0,1300.0,81.08,7.25,7.33,7.42
Mexico,Arabica,2012.0,1642.0,81.08,7.33,7.25,7.25
Mexico,Arabica,2012.0,1200.0,81.08,7.33,7.25,7.25
United States (Hawaii),Arabica,2012.0,,81.08,7.42,7.25,7.17
Brazil,Arabica,,,81.0,7.25,7.17,7.17
El Salvador,Arabica,2017.0,1450.0,81.0,7.08,7.08,7.58
Brazil,Arabica,2016.0,,81.0,7.17,7.17,7.17
Guatemala,Arabica,2016.0,3280.0,81.0,7.25,7.17,7.17
Colombia,Arabica,2016.0,1600.0,81.0,7.5,7.42,7.75
Guatemala,Arabica,2015.0,1219.2,81.0,7.25,7.0,7.25
Taiwan,Arabica,2015.0,758.0,81.0,7.17,7.17,7.33
Honduras,Arabica,2014.0,1350.0,81.0,7.25,7.25,7.17
Brazil,Arabica,2014.0,,81.0,7.75,7.83,7.75
"Tanzania, United Republic Of",Arabica,2014.0,1525.0,81.0,7.33,7.08,7.33
Uganda,Arabica,2013.0,1700.0,81.0,6.92,7.17,7.42
Taiwan,Arabica,2013.0,1100.0,81.0,6.92,7.33,7.33
Thailand,Arabica,2012.0,800.0,81.0,7.42,7.25,7.17
Mexico,Arabica,2012.0,950.0,81.0,7.33,7.33,7.25
Mexico,Arabica,2012.0,1100.0,81.0,7.67,7.5,7.5
Taiwan,Arabica,2017.0,200.0,80.92,7.17,7.25,7.25
Guatemala,Arabica,2017.0,1901.0,80.92,7.67,7.33,7.5
Kenya,Arabica,2017.0,1600.0,80.92,7.58,7.5,7.75
Mexico,Arabica,2017.0,1100.0,80.92,7.33,7.17,7.33
Myanmar,Arabica,2015.0,1066.8,80.92,7.42,7.0,7.0
United States (Hawaii),Arabica,2014.0,,80.92,7.08,7.17,7.25
"Tanzania, United Republic Of",Arabica,2014.0,1700.0,80.92,7.17,7.17,7.33
Brazil,Arabica,2014.0,1200.0,80.92,7.33,7.25,7.33
Taiwan,Arabica,2014.0,550.0,80.92,7.67,7.33,7.08
Brazil,Arabica,2014.0,1100.0,80.92,7.42,7.17,7.33
Nicaragua,Arabica,2013.0,1050.0,80.92,7.08,7.25,7.42
Guatemala,Arabica,2014.0,1524.0,80.92,7.42,6.92,7.17
Taiwan,Arabica,2013.0,900.0,80.92,7.25,7.25,7.25
Taiwan,Arabica,2013.0,688.0,80.92,7.17,7.08,8.08
Taiwan,Arabica,2013.0,300.0,80.92,7.25,7.25,7.25
Mexico,Arabica,2012.0,1186.0,80.92,7.33,7.08,7.25
Thailand,Arabica,,,80.92,7.58,7.33,7.0
Laos,Arabica,2016.0,1300.0,80.83,7.33,7.17,7.25
Guatemala,Arabica,2013.0,1200.0,80.83,7.25,7.08,7.25
Mexico,Arabica,2012.0,1210.0,80.83,7.08,7.25,7.33
Mexico,Arabica,2012.0,1100.0,80.83,7.25,7.33,7.17
Mexico,Arabica,2012.0,100.0,80.83,7.17,7.33,7.17
United States (Hawaii),Arabica,2012.0,,80.83,7.33,7.0,7.5
Colombia,Arabica,2010.0,1800.0,80.83,7.33,7.0,7.67
Brazil,Arabica,2015.0,,80.75,7.25,7.08,7.58
Myanmar,Arabica,2015.0,3825.0,80.75,7.5,7.0,7.08
Guatemala,Arabica,2015.0,1706.88,80.75,7.33,7.0,7.17
Nicaragua,Arabica,2015.0,,80.75,7.25,7.17,7.25
Honduras,Arabica,2015.0,1450.0,80.75,7.33,7.0,7.17
Panama,Arabica,2014.0,1680.0,80.75,7.33,7.17,7.17
Honduras,Arabica,2015.0,1350.0,80.75,7.17,7.08,7.25
Honduras,Arabica,2015.0,1450.0,80.75,7.33,7.08,7.33
Costa Rica,Arabica,2014.0,1300.0,80.75,7.33,7.25,7.17
Mexico,Arabica,2012.0,1200.0,80.75,7.33,7.42,7.5
Haiti,Arabica,2012.0,1000.0,80.75,7.0,7.42,7.33
United States (Hawaii),Arabica,2011.0,,80.75,7.33,7.17,7.67
Taiwan,Arabica,2016.0,,80.67,7.08,7.08,7.33
Indonesia,Arabica,2015.0,1350.0,80.67,7.42,7.0,7.5
Guatemala,Arabica,2015.0,1500.0,80.67,7.42,6.83,7.17
Costa Rica,Arabica,2015.0,185.0,80.67,7.5,7.67,7.5
Malawi,Arabica,2014.0,995.0,80.67,7.25,7.17,7.17
Mexico,Arabica,2014.0,1200.0,80.67,7.17,7.17,7.42
Colombia,Arabica,2014.0,1550.0,80.67,7.5,7.42,7.75
Guatemala,Arabica,2013.0,1550.0,80.67,7.17,7.0,7.0
Guatemala,Arabica,2012.0,,80.67,7.33,7.5,7.33
Guatemala,Arabica,2012.0,,80.67,7.5,7.33,7.17
Colombia,Arabica,,,80.67,7.25,7.08,7.42
Brazil,Arabica,2016.0,,80.58,7.25,7.33,7.25
Nicaragua,Arabica,2016.0,,80.58,7.5,7.0,7.0
"Tanzania, United Republic Of",Arabica,2014.0,1400.0,80.58,7.08,7.08,7.25
Brazil,Arabica,2014.0,1200.0,80.58,7.25,7.33,7.25
Honduras,Arabica,2014.0,1400.0,80.58,7.17,7.0,7.0
Guatemala,Arabica,2014.0,1383.792,80.58,7.42,6.83,7.25
United States (Hawaii),Arabica,,,80.58,7.58,7.5,7.83
Colombia,Arabica,,,80.58,7.25,7.0,7.33
Taiwan,Arabica,2017.0,50.0,80.5,7.17,7.17,7.25
Guatemala,Arabica,2017.0,1500.0,80.5,7.25,7.08,7.17
Honduras,Arabica,2017.0,1650.0,80.5,7.33,7.0,7.08
Mauritius,Arabica,2016.0,280.0,80.5,7.25,7.17,7.17
Brazil,Arabica,2015.0,1250.0,80.5,7.33,7.17,7.25
Myanmar,Arabica,2015.0,3800.0,80.5,7.33,7.17,7.08
Guatemala,Arabica,2014.0,1219.2,80.5,7.17,6.83,7.17
Brazil,Arabica,2013.0,1250.0,80.5,7.42,7.08,7.5
United States (Hawaii),Arabica,2013.0,,80.5,7.33,7.33,7.42
Guatemala,Arabica,2013.0,1859.28,80.5,7.5,7.0,7.0
Mexico,Arabica,2012.0,1450.0,80.5,7.25,7.08,7.17
Honduras,Arabica,2016.0,1450.0,80.42,7.42,7.0,7.0
Taiwan,Arabica,2014.0,600.0,80.42,7.17,7.17,7.17
El Salvador,Arabica,2013.0,1450.0,80.42,7.17,7.08,7.17
China,Arabica,2013.0,1700.0,80.42,7.08,7.25,7.17
Taiwan,Arabica,2013.0,600.0,80.42,7.25,7.17,7.25
Mexico,Arabica,2012.0,1050.0,80.42,7.17,7.08,7.17
Mexico,Arabica,2012.0,1550.0,80.42,7.08,7.08,7.17
Burundi,Arabica,2016.0,1700.0,80.33,7.25,7.17,7.08
"Tanzania, United Republic Of",Arabica,2015.0,1700.0,80.33,7.17,7.0,7.08
"Tanzania, United Republic Of",Arabica,2014.0,,80.33,7.17,7.25,7.08
Taiwan,Arabica,2013.0,600.0,80.33,7.25,7.08,7.25
Guatemala,Arabica,2013.0,1310.64,80.33,7.33,6.83,7.17
Mexico,Arabica,2012.0,940.0,80.33,7.08,7.08,7.17
United States (Hawaii),Arabica,2012.0,,80.33,7.5,6.92,7.33
Ethiopia,Arabica,2010.0,,80.33,7.25,7.25,8.0
Brazil,Arabica,2017.0,995.0,80.25,7.33,7.42,7.0
Honduras,Arabica,2016.0,1400.0,80.25,7.25,7.0,7.0
Mexico,Arabica,2016.0,1600.0,80.25,7.17,7.0,7.0
Myanmar,Arabica,2015.0,914.4,80.25,7.08,7.0,6.92
Myanmar,Arabica,2014.0,4287.0,80.25,7.0,7.08,7.33
Nicaragua,Arabica,2015.0,900.0,80.25,6.92,7.0,7.25
United States (Hawaii),Arabica,2014.0,,80.25,7.08,7.67,7.58
Colombia,Arabica,2012.0,,80.25,8.0,7.83,7.58
Taiwan,Arabica,2013.0,700.0,80.25,7.08,7.25,7.25
Guatemala,Arabica,2012.0,1400.0,80.25,7.17,7.33,7.17
Mexico,Arabica,2012.0,808.0,80.25,7.33,7.17,7.0
Vietnam,Arabica,2017.0,1550.0,80.17,7.25,7.25,7.33
Nicaragua,Arabica,2015.0,1187.5,80.17,7.08,7.08,7.08
Honduras,Arabica,2015.0,1400.0,80.17,7.25,7.0,7.08
Guatemala,Arabica,2013.0,1310.64,80.17,7.33,7.0,7.17
Mexico,Arabica,2012.0,1250.0,80.17,7.08,6.92,7.08
Mexico,Arabica,2012.0,1550.0,80.17,7.42,7.33,7.17
Mexico,Arabica,2012.0,1000.0,80.17,7.33,7.17,7.0
Guatemala,Arabica,2012.0,1310.64,80.17,7.33,7.0,7.0
United States (Hawaii),Arabica,,,80.17,7.5,7.33,7.33
Brazil,Arabica,2017.0,1100.0,80.08,7.17,7.0,7.25
Taiwan,Arabica,2014.0,850.0,80.08,7.25,7.25,7.0
Nicaragua,Arabica,2013.0,,80.08,7.17,6.92,7.25
Taiwan,Arabica,2013.0,200.0,80.08,7.25,7.25,7.0
Taiwan,Arabica,2013.0,150.0,80.08,7.25,7.25,7.08
Taiwan,Arabica,2013.0,250.0,80.08,7.25,7.25,7.08
Mexico,Arabica,2012.0,1300.0,80.08,7.17,7.25,7.08
Mexico,Arabica,2012.0,1300.0,80.08,7.08,7.0,7.17
Nicaragua,Arabica,2017.0,1250.0,80.0,7.08,6.92,7.17
Myanmar,Arabica,2015.0,3845.0,80.0,7.33,7.0,7.0
Mexico,Arabica,2014.0,1400.0,80.0,7.75,7.42,7.5
Taiwan,Arabica,2013.0,250.0,80.0,7.25,7.25,7.0
Thailand,Arabica,2012.0,800.0,80.0,6.67,7.08,7.08
Mexico,Arabica,2012.0,1250.0,80.0,7.25,7.08,7.33
Mexico,Arabica,2012.0,1100.0,80.0,7.33,7.0,7.0
Ethiopia,Arabica,2010.0,,80.0,7.42,7.5,7.58
Colombia,Arabica,2015.0,,79.92,7.67,7.58,7.17
United States (Hawaii),Arabica,2014.0,,79.92,7.0,7.0,7.17
Mexico,Arabica,2013.0,1300.0,79.92,7.08,7.08,7.17
Mexico,Arabica,2012.0,1100.0,79.92,7.17,6.92,7.08
Mexico,Arabica,2012.0,1100.0,79.92,7.17,7.0,7.08
Mexico,Arabica,2012.0,1100.0,79.92,7.08,7.08,7.33
Mexico,Arabica,2012.0,1250.0,79.92,7.25,7.0,7.17
Mexico,Arabica,2012.0,1250.0,79.92,7.33,7.08,7.08
United States (Hawaii),Arabica,,,79.92,7.42,7.58,7.58
Kenya,Arabica,2017.0,1500.0,79.83,7.08,7.0,7.25
Guatemala,Arabica,2017.0,1700.0,79.83,7.25,6.92,7.33
Nicaragua,Arabica,2014.0,1250.0,79.83,7.17,7.17,7.08
Mexico,Arabica,2012.0,1300.0,79.83,7.08,7.0,7.0
United States (Hawaii),Arabica,2012.0,,79.83,7.08,6.83,7.17
Guatemala,Arabica,2016.0,,79.75,7.42,7.25,7.42
Taiwan,Arabica,2014.0,1000.0,79.75,7.33,7.17,7.83
Taiwan,Arabica,2013.0,600.0,79.75,7.08,7.25,7.17
Thailand,Arabica,2013.0,800.0,79.75,7.08,6.92,6.92
Peru,Arabica,2013.0,,79.75,7.08,7.0,7.42
Costa Rica,Arabica,2013.0,1100.0,79.75,7.5,7.67,7.58
Mexico,Arabica,2013.0,1400.0,79.75,7.08,7.0,6.92
Mexico,Arabica,2013.0,1022.0,79.75,7.08,6.92,6.92
Mexico,Arabica,2013.0,1300.0,79.75,7.08,7.0,7.08
Mexico,Arabica,2012.0,1450.0,79.75,7.17,7.17,7.0
Mexico,Arabica,2012.0,1050.0,79.75,7.25,7.0,7.0
Guatemala,Arabica,2012.0,,79.75,7.33,7.5,7.33
Mexico,Arabica,2012.0,1100.0,79.75,6.83,6.92,7.08
Guatemala,Arabica,2016.0,1219.2,79.67,7.42,7.25,7.33
El Salvador,Arabica,2016.0,1250.0,79.67,7.08,7.0,7.17
Thailand,Arabica,2013.0,800.0,79.67,7.17,6.83,7.08
Guatemala,Arabica,2013.0,1310.64,79.67,7.0,6.83,7.17
Mexico,Arabica,2013.0,1400.0,79.67,7.25,6.83,6.58
Mexico,Arabica,2012.0,975.0,79.67,7.17,7.0,7.0
Mexico,Arabica,2012.0,1264.0,79.67,7.17,7.17,7.08
Thailand,Arabica,,,79.67,7.17,7.0,6.92
Mexico,Arabica,2012.0,1250.0,79.58,7.0,6.92,7.08
Mexico,Arabica,2012.0,1550.0,79.58,6.92,6.92,7.0
Colombia,Arabica,,1800.0,79.58,7.17,7.0,7.33
Guatemala,Arabica,2009.0,1325.88,79.58,7.0,6.83,7.0
Nicaragua,Arabica,2015.0,1050.0,79.5,6.92,7.0,7.0
Taiwan,Arabica,2014.0,700.0,79.5,7.0,7.17,7.0
Colombia,Arabica,2013.0,1550.0,79.5,7.5,7.42,7.5
Mexico,Arabica,2012.0,1550.0,79.5,7.08,6.92,7.08
Mexico,Arabica,2012.0,1100.0,79.5,7.33,7.0,7.17
Guatemala,Arabica,2013.0,1219.2,79.42,7.33,7.25,7.42
Guatemala,Arabica,2014.0,1219.2,79.42,7.33,6.83,7.17
Mexico,Arabica,2012.0,800.0,79.42,6.83,6.83,7.17
Cote d?Ivoire,Arabica,2016.0,200.0,79.33,7.25,6.83,7.08
Colombia,Arabica,2013.0,1200.0,79.33,7.25,6.75,7.25
Mexico,Arabica,2012.0,950.0,79.33,7.0,6.83,6.92
Mexico,Arabica,2012.0,750.0,79.33,7.17,7.08,7.08
Guatemala,Arabica,2012.0,,79.33,6.5,6.33,7.33
Taiwan,Arabica,2014.0,850.0,79.25,6.83,6.83,7.08
Mexico,Arabica,2012.0,1000.0,79.25,7.0,6.92,7.08
Guatemala,Arabica,2017.0,1219.2,79.17,7.42,7.33,7.42
Honduras,Arabica,2017.0,1650.0,79.17,7.0,6.75,6.92
Guatemala,Arabica,2016.0,1320.0,79.17,7.0,6.92,6.92
Guatemala,Arabica,2015.0,1550.0,79.17,7.17,6.75,6.92
Costa Rica,Arabica,2012.0,,79.17,7.42,7.5,7.83
Mexico,Arabica,2012.0,1550.0,79.17,7.08,6.92,7.17
Mexico,Arabica,2012.0,1450.0,79.17,6.92,6.92,7.0
Mexico,Arabica,,1200.0,79.17,6.75,6.83,7.08
Guatemala,Arabica,2017.0,1700.0,79.08,7.67,7.42,7.67
United States (Puerto Rico),Arabica,2013.0,853.44,79.08,7.08,6.75,6.92
Mexico,Arabica,2012.0,1500.0,79.08,7.0,6.92,7.08
Mexico,Arabica,2012.0,1100.0,79.08,7.08,6.75,7.0
Mexico,Arabica,2012.0,1200.0,79.08,7.25,7.25,7.08
Guatemala,Arabica,2014.0,1219.2,79.0,7.17,6.58,6.83
Honduras,Arabica,2014.0,1350.0,79.0,7.0,7.0,7.0
Peru,Arabica,2012.0,1400.0,79.0,7.17,7.08,7.5
Mexico,Arabica,2012.0,1300.0,79.0,7.08,6.67,7.08
Mexico,Arabica,2012.0,1550.0,79.0,7.17,6.92,7.0
Mexico,Arabica,2012.0,12.0,79.0,6.83,6.83,6.92
Mexico,Arabica,2013.0,1300.0,78.92,7.0,6.75,7.25
Mexico,Arabica,2012.0,1400.0,78.92,7.0,6.92,6.75
Nicaragua,Arabica,2016.0,1100.0,78.83,7.0,6.92,7.0
United States (Hawaii),Arabica,2013.0,,78.75,6.92,6.92,7.42
Guatemala,Arabica,2013.0,1310.64,78.75,7.08,6.33,7.0
Mexico,Arabica,2012.0,1320.0,78.75,6.83,6.83,7.0
Mexico,Arabica,2012.0,1250.0,78.75,7.33,7.17,7.0
Mexico,Arabica,2012.0,1350.0,78.75,7.17,6.83,7.17
China,Arabica,2013.0,1850.0,78.67,6.92,6.83,7.17
Mexico,Arabica,2012.0,1150.0,78.67,6.92,6.67,6.92
Nicaragua,Arabica,2016.0,,78.58,7.0,6.75,6.92
Nicaragua,Arabica,2014.0,,78.58,7.08,6.92,7.08
Guatemala,Arabica,2014.0,1219.2,78.58,7.17,6.92,7.17
Taiwan,Arabica,2013.0,800.0,78.58,6.75,7.17,6.92
Mexico,Arabica,2012.0,1400.0,78.58,7.0,6.75,6.92
Mexico,Arabica,2012.0,1300.0,78.58,7.58,7.58,7.5
United States (Hawaii),Arabica,,,78.58,6.83,7.08,7.33
Mexico,Arabica,2014.0,1600.0,78.5,6.75,6.92,7.58
Mexico,Arabica,2012.0,1400.0,78.5,6.83,6.83,6.92
Mexico,Arabica,2012.0,1200.0,78.5,7.17,7.0,7.08
Brazil,Arabica,2014.0,,78.42,7.0,6.92,6.83
Mexico,Arabica,2012.0,1500.0,78.42,7.17,7.0,7.0
United States (Hawaii),Arabica,2014.0,,78.33,7.75,7.58,7.92
Guatemala,Arabica,2014.0,1219.2,78.33,6.5,6.67,7.17
Guatemala,Arabica,2012.0,1310.64,78.33,7.17,6.5,6.83
Mexico,Arabica,2012.0,1300.0,78.33,7.25,7.0,7.42
Guatemala,Arabica,2012.0,,78.33,6.08,6.17,7.33
United States (Hawaii),Arabica,2014.0,,78.25,7.5,7.33,7.42
United States (Hawaii),Arabica,2012.0,,78.25,7.33,7.33,7.75
Indonesia,Arabica,2016.0,1300.0,78.17,6.83,6.92,6.83
Mexico,Arabica,2012.0,1050.0,78.08,6.83,6.67,6.92
Taiwan,Arabica,2016.0,650.0,78.0,7.08,7.33,7.5
Honduras,Arabica,2014.0,1350.0,78.0,7.0,6.67,6.83
United States (Hawaii),Arabica,2014.0,,78.0,7.33,7.5,7.33
Guatemala,Arabica,2014.0,1219.2,78.0,7.25,6.83,6.92
China,Arabica,2013.0,1200.0,78.0,7.17,6.92,7.0
Guatemala,Arabica,2013.0,1310.64,78.0,6.83,6.83,6.83
Mexico,Arabica,2012.0,850.0,78.0,7.33,7.0,7.08
Colombia,Arabica,,,78.0,7.17,7.0,7.17
Costa Rica,Arabica,2014.0,1200.0,77.92,7.25,7.42,6.83
Mexico,Arabica,2012.0,1248.0,77.92,7.25,7.0,7.08
Guatemala,Arabica,2012.0,,77.92,6.17,6.17,6.83
Nicaragua,Arabica,2016.0,1000.0,77.83,7.0,7.0,7.0
Brazil,Arabica,2014.0,,77.83,6.75,6.67,6.83
Guatemala,Arabica,2013.0,1310.64,77.83,6.83,6.67,6.83
Taiwan,Arabica,2012.0,775.0,77.67,6.75,6.58,7.17
United States (Hawaii),Arabica,2013.0,,77.58,7.67,7.58,7.42
Mexico,Arabica,2012.0,1300.0,77.5,6.75,6.58,6.75
Guatemala,Arabica,2013.0,1310.64,77.42,6.92,6.33,7.0
Brazil,Arabica,2017.0,890.0,77.33,7.33,7.42,6.92
Guatemala,Arabica,2014.0,1219.2,77.33,7.0,6.83,7.17
Mexico,Arabica,2012.0,1500.0,77.33,7.0,6.67,6.92
Haiti,Arabica,2013.0,825.0,77.25,6.83,6.83,6.92
United States (Hawaii),Arabica,2013.0,,77.25,6.92,6.83,7.42
Mexico,Arabica,2012.0,1200.0,77.17,7.0,7.0,7.25
Peru,Arabica,2014.0,1200.0,77.0,7.75,7.42,7.83
India,Arabica,2016.0,,76.83,7.33,7.17,7.42
Mexico,Arabica,,1200.0,76.75,6.33,6.42,6.92
Guatemala,Arabica,2012.0,,76.5,6.5,6.5,6.92
Mexico,Arabica,2012.0,1100.0,76.42,6.58,6.58,6.58
Guatemala,Arabica,2012.0,1310.64,76.33,7.0,6.83,7.33
Guatemala,Arabica,2011.0,,76.33,6.5,6.5,6.83
United States (Hawaii),Arabica,2014.0,,76.25,7.08,6.83,6.83
United States (Hawaii),Arabica,2013.0,,76.17,7.33,7.33,7.25
Mexico,Arabica,2012.0,1400.0,76.17,7.0,6.83,6.83
Indonesia,Arabica,2011.0,3500.0,76.17,7.0,6.5,6.33
Mexico,Arabica,2012.0,1250.0,76.08,6.83,6.83,7.08
Honduras,Arabica,2014.0,1350.0,76.0,6.83,6.67,6.83
Philippines,Arabica,2012.0,1000.0,75.83,6.5,6.5,7.0
Brazil,Arabica,2017.0,,75.67,7.0,6.83,7.0
Guatemala,Arabica,2012.0,1310.64,75.58,7.58,7.17,7.17
Guatemala,Arabica,2012.0,,75.58,6.5,6.33,6.75
Mexico,Arabica,2012.0,1100.0,75.5,7.25,6.92,6.83
Mexico,Arabica,2012.0,1200.0,75.17,6.92,6.67,7.75
Mexico,Arabica,2012.0,1100.0,75.17,6.83,6.67,6.83
Mexico,Arabica,2012.0,1280.0,75.17,7.17,6.83,6.67
Mexico,Arabica,2012.0,850.0,75.0,6.92,6.75,6.83
Mexico,Arabica,2012.0,1500.0,74.92,6.75,6.58,6.75
Mexico,Arabica,2012.0,1250.0,74.83,6.75,6.67,7.0
Guatemala,Arabica,2012.0,,74.75,6.5,6.17,6.75
Guatemala,Arabica,2012.0,,74.75,6.67,6.17,6.58
Mexico,Arabica,2013.0,1700.0,74.67,7.0,6.83,6.83
United States (Hawaii),Arabica,2014.0,,74.42,7.25,7.0,7.33
Guatemala,Arabica,2013.0,1310.64,74.33,6.33,6.5,6.83
Mexico,Arabica,2012.0,1140.0,74.33,6.58,6.67,6.83
Mexico,Arabica,2012.0,1200.0,74.0,6.42,6.17,6.75
Mexico,Arabica,2012.0,1250.0,73.83,7.0,7.17,7.33
United States (Hawaii),Arabica,2012.0,,73.67,7.17,7.17,6.92
Brazil,Arabica,2016.0,,73.5,6.58,6.58,6.42
Honduras,Arabica,2014.0,1350.0,73.42,7.17,6.83,7.17
Mexico,Arabica,2014.0,1200.0,72.92,7.08,6.92,6.92
Colombia,Arabica,2013.0,,72.83,7.33,7.75,7.67
United States (Hawaii),Arabica,2014.0,,72.58,6.92,6.92,7.17
Haiti,Arabica,2010.0,1020.0,72.33,6.75,7.08,6.67
Costa Rica,Arabica,2014.0,1200.0,71.75,6.5,6.33,6.5
Mexico,Arabica,2012.0,800.0,71.08,6.92,6.92,7.0
Mexico,Arabica,2012.0,1800.0,71.0,6.67,6.42,6.5
Mexico,Arabica,2014.0,1000.0,70.75,7.0,6.83,6.92
Brazil,Arabica,2017.0,,70.67,7.0,6.83,6.83
Honduras,Arabica,2014.0,1450.0,69.33,6.5,6.17,6.17
Honduras,Arabica,2014.0,1450.0,69.17,6.17,6.17,6.17
Honduras,Arabica,2014.0,1450.0,69.17,6.33,6.17,6.17
Mexico,Arabica,2012.0,900.0,68.33,6.83,6.25,6.75
Haiti,Arabica,2012.0,350.0,67.92,6.58,6.42,6.67
Nicaragua,Arabica,2016.0,1100.0,63.08,6.58,6.33,6.08
Uganda,Robusta,2013.0,1488.0,83.75,8.08,7.75,7.92
India,Robusta,2017.0,3170.0,83.5,7.75,7.92,7.92
India,Robusta,2015.0,1000.0,83.25,7.83,7.92,7.92
Uganda,Robusta,2013.0,1212.0,83.0,7.92,7.92,7.75
Uganda,Robusta,2013.0,1250.0,83.0,7.83,7.83,7.75
India,Robusta,2012.0,3000.0,82.75,7.92,7.67,7.92
India,Robusta,2014.0,750.0,82.58,7.75,7.83,7.75
India,Robusta,2017.0,3140.0,82.5,7.75,7.83,7.83
India,Robusta,2015.0,1000.0,82.5,7.75,7.58,8.0
Uganda,Robusta,2014.0,1100.0,82.42,7.83,7.83,7.75
Uganda,Robusta,2014.0,1095.0,81.75,7.92,7.75,7.67
India,Robusta,2015.0,1000.0,81.58,7.83,7.75,7.58
India,Robusta,2014.0,750.0,81.58,7.58,7.67,7.67
Uganda,Robusta,2013.0,1367.0,81.5,7.75,7.75,7.5
Uganda,Robusta,2014.0,1488.0,81.5,7.67,7.75,7.58
India,Robusta,2015.0,1000.0,81.42,7.75,7.67,7.58
India,Robusta,2013.0,750.0,81.25,7.5,7.25,7.83
Uganda,Robusta,2013.0,1600.0,80.92,7.58,7.5,7.67
Uganda,Robusta,2013.0,1745.0,80.58,7.58,7.33,7.5
Uganda,Robusta,2013.0,1200.0,80.5,7.42,7.33,7.58
India,Robusta,2014.0,750.0,80.17,7.67,7.5,7.5
India,Robusta,2013.0,750.0,80.17,7.42,7.42,7.5
United States,Robusta,2012.0,3000.0,79.33,7.5,7.42,7.42
Ecuador,Robusta,2016.0,,78.75,7.58,7.33,7.83
Ecuador,Robusta,2016.0,40.0,78.08,7.67,7.75,5.25
United States,Robusta,2014.0,795.0,77.17,7.33,7.17,7.17
India,Robusta,2013.0,,75.08,6.83,6.75,7.0
Vietnam,Robusta,2013.0,,73.75,6.67,6.5,6.83
